Time, State, posX, posY, posZ, errorX, errorY, errorZ, errorYaw, ascendRate, adjustmentGain, delaytime
18.10, 0,-44.7137,39.6992,7.9144,-1.0000,-1.0000,-1.0000,0.00,0.000,0.000,0.200
18.30, 0,-44.7207,39.7206,7.9270,-1.0000,-1.0000,-1.0000,0.00,0.000,0.000,0.200
18.50, 0,-44.7244,39.7513,7.9539,-1.0000,-1.0000,-1.0000,0.00,0.000,0.000,0.200
18.70, 0,-44.7281,39.7915,7.9592,-1.0000,-1.0000,-1.0000,0.00,0.000,0.000,0.200
18.90, 0,-44.7343,39.8602,7.9466,-1.0000,-1.0000,-1.0000,0.00,0.000,0.000,0.200
19.10, 0,-44.7415,39.9416,7.9708,-1.0000,-1.0000,-1.0000,0.00,0.000,0.000,0.200
19.30, 0,-44.7459,40.0233,7.9873,-1.0000,-1.0000,-1.0000,0.00,0.000,0.000,0.200
19.50, 0,-44.7485,40.1381,8.0198,-1.0000,-1.0000,-1.0000,0.00,0.000,0.000,0.200
19.70, 0,-44.7514,40.2503,8.0458,-1.0000,-1.0000,-1.0000,0.00,0.000,0.000,0.200
19.90, 0,-44.7541,40.4000,8.0741,-1.0000,-1.0000,-1.0000,0.00,0.000,0.000,0.200
20.10, 0,-44.7577,40.5666,8.1011,-1.0000,-1.0000,-1.0000,0.00,0.000,0.000,0.200
20.30, 0,-44.7604,40.7175,8.1175,-1.0000,-1.0000,-1.0000,0.00,0.000,0.000,0.200
20.50, 0,-44.7618,40.8767,8.1179,-1.0000,-1.0000,-1.0000,0.00,0.000,0.000,0.200
20.70, 0,-44.7617,41.0867,8.1137,-1.0000,-1.0000,-1.0000,0.00,0.000,0.000,0.200
20.90, 0,-44.7612,41.2720,8.1114,-1.0000,-1.0000,-1.0000,0.00,0.000,0.000,0.200
21.10, 0,-44.7602,41.5020,8.0923,-1.0000,-1.0000,-1.0000,0.00,0.000,0.000,0.200
21.30, 0,-44.7582,41.7337,8.0877,-1.0000,-1.0000,-1.0000,0.00,0.000,0.000,0.200
21.50, 0,-44.7554,41.9337,8.0871,-1.0000,-1.0000,-1.0000,0.00,0.000,0.000,0.200
21.70, 0,-44.7501,42.1837,8.0852,-1.0000,-1.0000,-1.0000,0.00,0.000,0.000,0.200
21.90, 0,-44.7465,42.3927,8.0755,-1.0000,-1.0000,-1.0000,0.00,0.000,0.000,0.200
22.10, 0,-44.7424,42.6490,8.0598,-1.0000,-1.0000,-1.0000,0.00,0.000,0.000,0.200
22.30, 0,-44.7394,42.8646,8.0403,-1.0000,-1.0000,-1.0000,0.00,0.000,0.000,0.200
22.50, 0,-44.7344,43.1230,8.0322,-1.0000,-1.0000,-1.0000,0.00,0.000,0.000,0.200
22.71, 0,-44.7308,43.3271,8.0314,-1.0000,-1.0000,-1.0000,0.00,0.000,0.000,0.200
22.91, 0,-44.7256,43.5876,8.0207,-1.0000,-1.0000,-1.0000,0.00,0.000,0.000,0.200
23.11, 0,-44.7212,43.7979,8.0084,-1.0000,-1.0000,-1.0000,0.00,0.000,0.000,0.200
23.31, 0,-44.7149,44.0612,8.0012,-1.0000,-1.0000,-1.0000,0.00,0.000,0.000,0.200
23.51, 0,-44.7097,44.3131,7.9954,-1.0000,-1.0000,-1.0000,0.00,0.000,0.000,0.200
23.72, 0,-44.7073,44.5071,7.9912,-1.0000,-1.0000,-1.0000,0.00,0.000,0.000,0.200
23.92, 0,-44.7045,44.7401,7.9747,-1.0000,-1.0000,-1.0000,0.00,0.000,0.000,0.200
24.12, 0,-44.7003,44.9367,7.9583,-1.0000,-1.0000,-1.0000,0.00,0.000,0.000,0.200
24.32, 0,-44.6968,45.1395,7.9498,-1.0000,-1.0000,-1.0000,0.00,0.000,0.000,0.200
24.52, 0,-44.6938,45.3844,7.9441,-1.0000,-1.0000,-1.0000,0.00,0.000,0.000,0.200
24.72, 0,-44.6909,45.5863,7.9408,-1.0000,-1.0000,-1.0000,0.00,0.000,0.000,0.200
24.92, 0,-44.6888,45.8232,7.9364,-1.0000,-1.0000,-1.0000,0.00,0.000,0.000,0.200
25.12, 0,-44.6877,46.0198,7.9261,-1.0000,-1.0000,-1.0000,0.00,0.000,0.000,0.200
25.32, 0,-44.6872,46.2568,7.9184,-1.0000,-1.0000,-1.0000,0.00,0.000,0.000,0.200
25.52, 0,-44.6855,46.4551,7.9125,-1.0000,-1.0000,-1.0000,0.00,0.000,0.000,0.200
25.72, 0,-44.6856,46.6843,7.9057,-1.0000,-1.0000,-1.0000,0.00,0.000,0.000,0.200
25.93, 0,-44.6856,46.8721,7.9008,-1.0000,-1.0000,-1.0000,0.00,0.000,0.000,0.200
26.13, 0,-44.6842,47.0912,7.8955,-1.0000,-1.0000,-1.0000,0.00,0.000,0.000,0.200
26.33, 0,-44.6824,47.2756,7.8811,-1.0000,-1.0000,-1.0000,0.00,0.000,0.000,0.200
26.54, 0,-44.6811,47.4946,7.8746,-1.0000,-1.0000,-1.0000,0.00,0.000,0.000,0.200
26.74, 0,-44.6816,47.6721,7.8637,-1.0000,-1.0000,-1.0000,0.00,0.000,0.000,0.200
26.94, 0,-44.6832,47.8891,7.8187,-1.0000,-1.0000,-1.0000,0.00,0.000,0.000,0.200
27.14, 0,-44.6846,48.0611,7.8012,-1.0000,-1.0000,-1.0000,0.00,0.000,0.000,0.200
27.34, 0,-44.6873,48.2652,7.7932,-1.0000,-1.0000,-1.0000,0.00,0.000,0.000,0.200
27.54, 0,-44.6889,48.4351,7.7996,-1.0000,-1.0000,-1.0000,0.00,0.000,0.000,0.200
27.74, 0,-44.6903,48.6324,7.8111,-1.0000,-1.0000,-1.0000,0.00,0.000,0.000,0.200
27.94, 0,-44.6911,48.7958,7.8306,-1.0000,-1.0000,-1.0000,0.00,0.000,0.000,0.200
28.14, 0,-44.6935,48.9929,7.8442,-1.0000,-1.0000,-1.0000,0.00,0.000,0.000,0.200
28.34, 0,-44.6968,49.1572,7.8479,-1.0000,-1.0000,-1.0000,0.00,0.000,0.000,0.200
28.54, 0,-44.6999,49.3189,7.8535,-1.0000,-1.0000,-1.0000,0.00,0.000,0.000,0.200
28.74, 0,-44.7035,49.5168,7.8533,-1.0000,-1.0000,-1.0000,0.00,0.000,0.000,0.200
28.94, 0,-44.7064,49.6834,7.8622,-1.0000,-1.0000,-1.0000,0.00,0.000,0.000,0.200
29.14, 0,-44.7100,49.8822,7.8734,-1.0000,-1.0000,-1.0000,0.00,0.000,0.000,0.200
29.35, 0,-44.7134,50.0563,7.8792,-1.0000,-1.0000,-1.0000,0.00,0.000,0.000,0.200
29.55, 0,-44.7180,50.2580,7.8721,-1.0000,-1.0000,-1.0000,0.00,0.000,0.000,0.200
29.75, 0,-44.7234,50.4261,7.8414,-1.0000,-1.0000,-1.0000,0.00,0.000,0.000,0.200
29.95, 0,-44.7317,50.6322,7.8426,-1.0000,-1.0000,-1.0000,0.00,0.000,0.000,0.200
30.15, 0,-44.7383,50.8083,7.8492,-1.0000,-1.0000,-1.0000,0.00,0.000,0.000,0.200
30.35, 0,-44.7445,51.0150,7.8699,-1.0000,-1.0000,-1.0000,0.00,0.000,0.000,0.200
30.60, 0,-44.7522,51.2625,7.8956,-1.0000,-1.0000,-1.0000,0.00,0.000,0.000,0.250
30.86, 0,-44.7611,51.5104,7.9184,-1.0000,-1.0000,-1.0000,0.00,0.000,0.000,0.250
31.11, 0,-44.7674,51.7560,7.9209,-1.0000,-1.0000,-1.0000,0.00,0.000,0.000,0.250
31.36, 0,-44.7727,51.9671,7.9355,-1.0000,-1.0000,-1.0000,0.00,0.000,0.000,0.250
31.62, 0,-44.7775,52.2464,7.9566,-1.0000,-1.0000,-1.0000,0.00,0.000,0.000,0.250
31.87, 0,-44.7793,52.4854,7.9731,-1.0000,-1.0000,-1.0000,0.00,0.000,0.000,0.250
32.12, 0,-44.7779,52.7190,7.9787,-1.0000,-1.0000,-1.0000,0.00,0.000,0.000,0.250
32.38, 0,-44.7782,52.9110,7.9796,-1.0000,-1.0000,-1.0000,0.00,0.000,0.000,0.250
32.63, 0,-44.7787,53.1247,7.9645,-1.0000,-1.0000,-1.0000,0.00,0.000,0.000,0.250
32.88, 0,-44.7784,53.3372,7.9607,-1.0000,-1.0000,-1.0000,0.00,0.000,0.000,0.250
33.13, 0,-44.7775,53.5404,7.9595,-1.0000,-1.0000,-1.0000,0.00,0.000,0.000,0.250
33.38, 0,-44.7753,53.7190,7.9663,-1.0000,-1.0000,-1.0000,0.00,0.000,0.000,0.250
33.64, 0,-44.7729,53.9238,7.9660,-1.0000,-1.0000,-1.0000,0.00,0.000,0.000,0.250
33.89, 0,-44.7682,54.1266,7.9675,-1.0000,-1.0000,-1.0000,0.00,0.000,0.000,0.250
34.14, 0,-44.7612,54.3322,7.9731,-1.0000,-1.0000,-1.0000,0.00,0.000,0.000,0.250
34.39, 0,-44.7530,54.5348,7.9602,-1.0000,-1.0000,-1.0000,0.00,0.000,0.000,0.250
34.64, 0,-44.7416,54.7336,7.9281,-1.0000,-1.0000,-1.0000,0.00,0.000,0.000,0.250
34.90, 0,-44.7283,54.9318,7.9156,-1.0000,-1.0000,-1.0000,0.00,0.000,0.000,0.250
35.15, 0,-44.7170,55.1304,7.9277,-1.0000,-1.0000,-1.0000,0.00,0.000,0.000,0.250
35.40, 0,-44.7063,55.3329,7.9459,-1.0000,-1.0000,-1.0000,0.00,0.000,0.000,0.250
35.65, 0,-44.6973,55.5006,7.9368,0.9819,0.9458,4.9611,-46.28,0.000,0.000,0.250
35.85, 1,-44.6907,55.6741,7.9389,0.9214,0.9027,4.9776,-46.28,0.000,0.150,0.200
36.05, 1,-44.6871,55.8453,7.9558,0.9214,0.9027,4.9776,-46.28,0.000,0.150,0.200
36.25, 1,-44.6822,55.9896,7.9677,0.8570,0.7724,5.0347,-49.46,0.000,0.150,0.200
36.45, 1,-44.6738,56.1365,7.9731,1.0366,0.5704,4.6935,-57.90,0.000,0.150,0.200
36.65, 1,-44.6606,56.2965,7.9795,1.0366,0.5704,4.6935,-57.90,0.000,0.150,0.200
36.85, 1,-44.6488,56.4163,7.9880,1.0366,0.5704,4.6935,-57.90,0.000,0.150,0.200
37.05, 1,-44.6331,56.5377,7.9712,1.0366,0.5704,4.6935,-57.90,0.000,0.150,0.200
37.25, 1,-44.6208,56.6211,7.9745,1.0366,0.5704,4.6935,-57.90,0.000,0.150,0.200
37.45, 1,-44.6084,56.6877,7.9790,1.3175,-0.2877,4.9302,77.24,0.000,0.150,0.200
37.66, 1,-44.5969,56.7415,7.9689,1.3175,-0.2877,4.9302,77.24,0.000,0.150,0.200
37.86, 1,-44.5919,56.7738,7.9445,1.2397,-0.5022,4.9135,66.75,0.000,0.150,0.200
38.06, 1,-44.5908,56.7855,7.9484,1.1681,-0.7822,4.9400,55.13,0.000,0.150,0.200
38.26, 1,-44.5915,56.7810,7.9654,0.9847,-0.9275,4.9354,45.78,0.000,0.150,0.200
38.46, 1,-44.5935,56.7627,7.9898,0.9847,-0.9275,4.9354,45.78,0.000,0.150,0.200
38.66, 1,-44.5974,56.7412,8.0086,0.9847,-0.9275,4.9354,45.78,0.000,0.150,0.200
38.86, 1,-44.6050,56.7181,8.0249,0.9847,-0.9275,4.9354,45.78,0.000,0.150,0.200
39.06, 1,-44.6118,56.6992,8.0368,0.9847,-0.9275,4.9354,45.78,0.000,0.150,0.200
39.26, 1,-44.6188,56.6882,8.0441,0.9847,-0.9275,4.9354,45.78,0.000,0.150,0.200
39.46, 1,-44.6273,56.6846,8.0465,0.9847,-0.9275,4.9354,45.78,0.000,0.150,0.200
39.66, 1,-44.6345,56.6939,8.0438,0.9847,-0.9275,4.9354,45.78,0.000,0.150,0.200
39.86, 1,-44.6412,56.7165,8.0415,0.9847,-0.9275,4.9354,45.78,0.000,0.150,0.200
40.06, 1,-44.6491,56.7526,8.0374,0.9847,-0.9275,4.9354,45.78,0.000,0.150,0.200
40.26, 1,-44.6529,56.7994,8.0232,0.9847,-0.9275,4.9354,45.78,0.000,0.150,0.200
40.46, 1,-44.6522,56.8493,8.0166,-0.3462,-0.9187,5.0790,-13.26,0.000,0.150,0.200
40.66, 1,-44.6399,56.9169,8.0119,-0.3265,-0.8508,5.0948,-13.09,0.000,0.150,0.200
40.86, 1,-44.6310,56.9887,8.0035,-0.3265,-0.8508,5.0948,-13.09,0.000,0.150,0.200
41.06, 1,-44.6168,57.0686,7.9789,-0.2981,-0.7735,5.1259,-12.87,0.000,0.150,0.200
41.26, 1,-44.5958,57.1777,7.9701,-0.2729,-0.7041,5.1762,-12.65,0.000,0.150,0.200
41.46, 1,-44.5721,57.2993,7.9706,-0.2364,-0.6399,5.2197,-12.49,0.000,0.150,0.200
41.66, 1,-44.5529,57.4085,7.9640,-0.2364,-0.6399,5.2197,-12.49,0.000,0.150,0.200
41.86, 1,-44.5329,57.5268,7.9617,-0.1967,-0.5713,5.2530,-12.37,0.000,0.150,0.200
42.07, 1,-44.5130,57.6783,7.9600,-0.1598,-0.5006,5.3008,-12.27,0.000,0.150,0.200
42.27, 1,-44.4962,57.8095,7.9628,-0.1229,-0.4427,5.3638,-12.15,0.000,0.150,0.200
42.47, 1,-44.4807,57.9688,7.9710,-0.1229,-0.4427,5.3638,-12.15,0.000,0.150,0.200
42.67, 1,-44.4712,58.1036,7.9722,-0.0864,-0.3781,5.3973,-12.07,0.000,0.150,0.200
42.87, 1,-44.4585,58.2734,7.9757,-0.0517,-0.3245,5.4623,-11.96,0.000,0.150,0.200
43.07, 1,-44.4512,58.4099,7.9793,-0.0517,-0.3245,5.4623,-11.96,0.000,0.150,0.200
43.27, 1,-44.4462,58.5415,7.9834,-0.0191,-0.2768,5.5043,-11.87,0.000,0.150,0.200
43.47, 1,-44.4473,58.6967,7.9885,0.0141,-0.2285,5.5436,-11.80,0.000,0.150,0.200
43.67, 1,-44.4523,58.8195,7.9900,0.0354,-0.1869,5.5735,-11.71,0.000,0.150,0.200
43.87, 1,-44.4599,58.9567,7.9887,0.0354,-0.1869,5.5735,-11.71,0.000,0.150,0.200
44.07, 1,-44.4700,59.0637,7.9739,0.0520,-0.1515,5.6266,-11.63,0.000,0.150,0.200
44.27, 1,-44.4860,59.1746,7.9648,0.0616,-0.1190,5.6645,-11.56,0.000,0.150,0.200
44.47, 1,-44.5009,59.2631,7.9635,0.0677,-0.0891,5.6889,-11.48,0.000,0.150,0.200
44.67, 1,-44.5204,59.3593,7.9574,0.0677,-0.0891,5.6889,-11.48,0.000,0.100,0.200
44.87, 1,-44.5404,59.4394,7.9608,0.0729,-0.0676,5.7163,-11.41,0.000,0.100,0.200
45.07, 1,-44.5658,59.5228,7.9677,0.0725,-0.0559,5.7232,-11.33,0.000,0.100,0.200
45.27, 1,-44.5869,59.5824,7.9713,0.0663,-0.0526,5.7218,-11.29,0.000,0.100,0.200
45.47, 1,-44.6141,59.6457,7.9790,0.0554,-0.0523,5.7183,-11.24,0.000,0.100,0.200
45.67, 1,-44.6381,59.6901,7.9829,0.0554,-0.0523,5.7183,-11.24,0.000,0.100,0.200
45.87, 1,-44.6662,59.7338,7.9695,0.0409,-0.0552,5.7207,-11.19,0.000,0.100,0.200
46.07, 1,-44.6877,59.7608,7.9668,0.0220,-0.0603,5.7328,-11.15,0.000,0.100,0.200
46.27, 1,-44.7129,59.7849,7.9768,0.0052,-0.0692,5.7221,-11.13,0.000,0.100,0.200
46.47, 1,-44.7339,59.7968,7.9840,0.0052,-0.0692,5.7221,-11.13,0.000,0.100,0.200
46.67, 1,-44.7548,59.8034,7.9943,-0.0103,-0.0798,5.7110,-11.09,0.000,0.100,0.200
46.87, 1,-44.7712,59.8046,7.9988,-0.0103,-0.0798,5.7110,-11.09,0.000,0.100,0.200
47.07, 1,-44.7882,59.7998,8.0024,-0.0348,-0.0978,4.9951,-7.37,0.000,0.100,0.200
47.27, 1,-44.8018,59.7910,7.9998,-0.0348,-0.0978,4.9951,-7.37,0.000,0.100,0.200
47.47, 1,-44.8158,59.7753,7.9938,-0.0467,-0.1101,5.0029,-7.35,0.000,0.100,0.200
47.68, 1,-44.8257,59.7593,8.0024,-0.0618,-0.1225,5.0001,-7.33,0.000,0.150,0.200
47.88, 1,-44.8335,59.7419,8.0145,-0.0738,-0.1345,4.9851,-7.31,0.000,0.150,0.200
48.08, 1,-44.8390,59.7180,8.0219,-0.0738,-0.1345,4.9851,-7.31,0.000,0.150,0.200
48.28, 1,-44.8427,59.6922,8.0190,-0.0822,-0.1409,4.9782,-7.31,0.000,0.150,0.200
48.48, 1,-44.8441,59.6743,8.0150,-0.0918,-0.1478,4.9848,-7.28,0.000,0.150,0.200
48.68, 1,-44.8418,59.6498,8.0181,-0.0975,-0.1543,4.9859,-7.26,0.000,0.150,0.200
48.88, 1,-44.8385,59.6306,8.0225,-0.0975,-0.1543,4.9859,-7.26,0.000,0.150,0.200
49.08, 1,-44.8330,59.6082,8.0149,-0.1000,-0.1551,4.9814,-7.24,0.000,0.150,0.200
49.28, 1,-44.8264,59.5897,8.0134,-0.0996,-0.1531,4.9915,-7.21,0.000,0.150,0.200
49.48, 1,-44.8177,59.5722,8.0152,-0.1009,-0.1499,4.9914,-7.20,0.000,0.150,0.200
49.68, 1,-44.8090,59.5602,8.0217,-0.1009,-0.1499,4.9914,-7.20,0.000,0.150,0.200
49.88, 1,-44.7989,59.5517,8.0273,-0.0979,-0.1445,4.9831,-7.17,0.000,0.150,0.200
50.08, 1,-44.7886,59.5483,8.0330,-0.0949,-0.1374,4.9753,-7.13,0.000,0.150,0.200
50.28, 1,-44.7734,59.5469,8.0389,-0.0888,-0.1304,4.9700,-7.10,0.000,0.150,0.200
50.48, 1,-44.7594,59.5483,8.0452,-0.0888,-0.1304,4.9700,-7.10,0.000,0.150,0.200
50.68, 1,-44.7427,59.5516,8.0434,-0.0789,-0.1201,4.9607,-7.08,0.000,0.150,0.200
50.88, 1,-44.7309,59.5585,8.0225,-0.0692,-0.1075,4.9797,-7.07,0.000,0.150,0.200
51.08, 1,-44.7166,59.5692,8.0280,-0.0622,-0.0956,4.9819,-7.06,0.000,0.150,0.200
51.28, 1,-44.7059,59.5821,8.0251,-0.0622,-0.0956,4.9819,-7.06,0.000,0.100,0.200
51.49, 1,-44.6943,59.5959,8.0297,-0.0542,-0.0827,4.9837,-7.04,0.000,0.100,0.200
51.69, 1,-44.6837,59.6149,8.0407,-0.0452,-0.0694,4.9745,-7.04,0.000,0.100,0.200
51.89, 1,-44.6753,59.6359,8.0494,-0.0432,-0.0582,4.9614,-7.03,0.000,0.100,0.200
52.09, 1,-44.6671,59.6533,8.0560,-0.0432,-0.0582,4.9614,-7.03,0.000,0.100,0.200
52.29, 1,-44.6586,59.6749,8.0374,-0.0363,-0.0450,4.9577,-7.02,0.000,0.100,0.200
52.49, 1,-44.6560,59.6931,8.0459,-0.0319,-0.0332,4.9730,-7.01,0.000,0.100,0.200
52.69, 1,-44.6517,59.7155,8.0684,-0.0298,-0.0202,4.9479,-6.99,0.000,0.100,0.200
52.89, 1,-44.6468,59.7350,8.0876,-0.0298,-0.0202,4.9479,-6.99,0.000,0.100,0.200
53.09, 1,-44.6429,59.7582,8.1024,-0.0249,-0.0097,4.9201,-6.96,0.000,0.100,0.200
53.29, 1,-44.6402,59.7782,8.1073,-0.0207,-0.0011,4.9128,-6.96,0.000,0.100,0.200
53.49, 1,-44.6353,59.8010,8.1190,-0.0174,0.0072,4.9036,-6.94,0.000,0.100,0.200
53.69, 1,-44.6323,59.8177,8.1269,-0.0174,0.0072,4.9036,-6.94,0.000,0.100,0.200
53.89, 1,-44.6297,59.8333,8.1286,-0.0114,0.0137,4.8924,-6.93,0.000,0.100,0.200
54.09, 1,-44.6271,59.8482,8.1292,-0.0072,0.0185,4.8937,-6.91,0.000,0.100,0.200
54.29, 1,-44.6263,59.8654,8.1258,-0.0052,0.0219,4.8933,-6.87,0.000,0.100,0.200
54.49, 1,-44.6264,59.8791,8.1114,-0.0052,0.0219,4.8933,-6.87,0.000,0.100,0.200
54.69, 1,-44.6262,59.8919,8.1107,-0.0033,0.0234,4.9133,-6.85,0.000,0.100,0.200
54.89, 1,-44.6254,59.9044,8.1123,-0.0002,0.0247,4.9126,-6.85,0.000,0.100,0.200
55.09, 1,-44.6260,59.9125,8.1132,0.0012,0.0234,4.9109,-6.85,0.000,0.100,0.200
55.29, 2,-44.6266,59.9187,8.1134,0.0012,0.0234,4.9109,-6.85,0.150,0.100,0.200
55.49, 2,-44.6266,59.9253,8.1448,0.0049,0.0267,4.9042,-6.75,0.150,0.100,0.200
55.69, 2,-44.6275,59.9298,8.1914,0.0017,0.0225,4.8512,-5.84,0.150,0.100,0.200
55.89, 2,-44.6305,59.9343,8.2646,0.0017,0.0225,4.8512,-5.84,0.150,0.100,0.200
56.09, 2,-44.6327,59.9369,8.3362,0.0017,0.0225,4.8512,-5.84,0.150,0.100,0.200
56.29, 2,-44.6363,59.9378,8.4354,-0.0065,0.0203,5.9918,-0.22,0.150,0.100,0.200
56.50, 2,-44.6407,59.9353,8.5280,-0.0071,0.0169,5.9212,-0.07,0.150,0.100,0.200
56.70, 2,-44.6459,59.9328,8.6374,-0.0252,0.0412,5.7957,0.02,0.150,0.100,0.200
56.90, 2,-44.6480,59.9330,8.7380,-0.0252,0.0412,5.7957,0.02,0.150,0.100,0.200
57.10, 2,-44.6494,59.9352,8.8691,-0.0398,0.0702,5.5981,0.10,0.150,0.100,0.200
57.30, 2,-44.6515,59.9401,8.9814,-0.0300,0.0658,5.3614,0.13,0.150,0.100,0.200
57.50, 2,-44.6545,59.9467,9.0784,-0.0156,0.0237,5.2370,0.14,0.150,0.100,0.200
57.70, 2,-44.6586,59.9535,9.1718,-0.0156,0.0237,5.2370,0.14,0.150,0.100,0.200
57.90, 2,-44.6634,59.9529,9.2547,-0.0022,0.0028,5.1061,0.16,0.150,0.100,0.200
58.10, 2,-44.6703,59.9515,9.3596,-0.0261,0.0644,5.0022,0.16,0.150,0.100,0.200
58.30, 2,-44.6769,59.9545,9.4889,-0.0391,0.0696,4.7606,0.14,0.150,0.100,0.200
58.50, 2,-44.6816,59.9571,9.5770,-0.0391,0.0696,4.7606,0.14,0.150,0.100,0.200
58.70, 2,-44.6876,59.9552,9.6636,-0.0248,0.0013,4.6914,0.15,0.150,0.100,0.200
58.90, 2,-44.6926,59.9505,9.7200,-0.0308,0.0020,4.6022,0.14,0.150,0.100,0.200
59.10, 2,-44.6974,59.9422,9.8009,-0.0367,0.0054,4.4990,0.13,0.150,0.100,0.200
59.30, 2,-44.6996,59.9300,9.8828,-0.0372,0.0053,4.4842,0.13,0.150,0.100,0.200
59.50, 2,-44.7016,59.9200,9.9651,-0.0354,0.0367,4.4153,0.13,0.150,0.100,0.200
59.70, 2,-44.7050,59.9104,10.0845,-0.0335,0.0466,4.2139,0.14,0.150,0.100,0.200
59.90, 2,-44.7082,59.9051,10.2246,-0.0327,0.0468,4.0621,0.14,0.150,0.100,0.200
60.10, 2,-44.7107,59.9048,10.3409,-0.0327,0.0469,4.0783,0.14,0.150,0.100,0.200
60.30, 2,-44.7144,59.9071,10.4909,-0.0324,0.0422,3.8379,0.16,0.150,0.100,0.200
60.50, 2,-44.7179,59.9094,10.6209,-0.0325,0.0306,3.7265,0.16,0.150,0.100,0.200
60.70, 2,-44.7218,59.9148,10.7764,-0.0325,0.0306,3.7265,0.16,0.150,0.100,0.200
60.90, 2,-44.7250,59.9201,10.8901,-0.0253,0.0348,3.4827,0.17,0.150,0.100,0.200
61.10, 2,-44.7288,59.9286,11.0340,-0.0283,0.0427,3.3537,0.16,0.150,0.100,0.200
61.30, 2,-44.7317,59.9389,11.1549,-0.0297,0.0508,3.0885,0.16,0.150,0.100,0.200
61.50, 2,-44.7347,59.9501,11.3114,-0.0268,0.0602,2.9574,0.16,0.150,0.100,0.200
61.70, 2,-44.7366,59.9555,11.4257,-0.0268,0.0602,2.9574,0.16,0.150,0.100,0.200
61.91, 2,-44.7382,59.9658,11.5426,-0.0245,0.0672,2.7558,0.16,0.150,0.100,0.200
62.11, 2,-44.7381,59.9744,11.6345,-0.0285,0.0574,2.6563,0.15,0.150,0.100,0.200
62.31, 2,-44.7381,59.9760,11.6936,-0.0276,0.0594,2.6230,0.15,0.150,0.100,0.200
62.51, 2,-44.7369,59.9710,11.7415,-0.0276,0.0594,2.6230,0.15,0.150,0.100,0.200
62.72, 2,-44.7356,59.9626,11.7726,-0.0260,0.0533,2.5589,0.14,0.150,0.100,0.200
62.92, 2,-44.7343,59.9497,11.8093,-0.0241,0.0415,2.5393,0.15,0.150,0.100,0.200
63.12, 2,-44.7328,59.9344,11.8444,-0.0232,0.0269,2.5167,0.17,0.150,0.100,0.200
63.32, 2,-44.7314,59.9172,11.8870,-0.0232,0.0269,2.5167,0.17,0.150,0.100,0.200
63.52, 2,-44.7290,59.8949,11.9499,-0.0225,0.0110,2.5008,0.17,0.150,0.100,0.200
63.72, 2,-44.7257,59.8750,12.0082,-0.0217,-0.0066,2.4046,0.15,0.150,0.100,0.200
63.97, 2,-44.7212,59.8455,12.1113,-0.0189,-0.0234,2.3292,0.17,0.025,0.050,0.250
64.22, 2,-44.7185,59.8180,12.2019,-0.0181,-0.0387,2.1804,0.19,0.025,0.050,0.250
64.48, 2,-44.7159,59.7899,12.2837,-0.0174,-0.0548,2.1220,0.20,0.025,0.050,0.250
64.74, 2,-44.7143,59.7632,12.3513,-0.0168,-0.0692,2.0532,0.21,0.025,0.050,0.250
64.99, 2,-44.7130,59.7384,12.3968,-0.0168,-0.0692,2.0532,0.21,0.025,0.050,0.250
65.24, 2,-44.7125,59.7139,12.3912,-0.0168,-0.0692,2.0532,0.21,0.025,0.050,0.250
65.49, 2,-44.7092,59.6916,12.3931,-0.0048,-0.0938,2.0115,2.22,0.025,0.050,0.250
65.75, 2,-44.7053,59.6733,12.4211,-0.0024,-0.1027,1.9480,2.22,0.025,0.050,0.250
66.00, 2,-44.7009,59.6571,12.4572,-0.0008,-0.1113,1.9147,2.21,0.025,0.050,0.250
66.25, 2,-44.6972,59.6448,12.4917,0.0020,-0.1165,1.8721,2.23,0.025,0.050,0.250
66.50, 2,-44.6934,59.6354,12.5127,0.0029,-0.1202,1.8435,2.23,0.025,0.050,0.250
66.76, 2,-44.6905,59.6287,12.5258,0.0049,-0.1228,1.8234,2.25,0.025,0.050,0.250
67.01, 2,-44.6888,59.6245,12.5330,0.0056,-0.1245,1.8108,2.26,0.025,0.050,0.250
67.26, 2,-44.6894,59.6214,12.5387,0.0055,-0.1251,1.8072,2.26,0.025,0.050,0.250
67.52, 2,-44.6915,59.6182,12.5391,0.0046,-0.1240,1.8037,2.29,0.025,0.050,0.250
67.77, 2,-44.6931,59.6161,12.5422,0.0041,-0.1221,1.8018,2.31,0.025,0.050,0.250
68.02, 2,-44.6949,59.6153,12.5343,0.0032,-0.1190,1.8033,2.30,0.025,0.050,0.250
68.27, 2,-44.6969,59.6166,12.5260,0.0026,-0.1166,1.8158,2.29,0.025,0.050,0.250
68.52, 2,-44.6997,59.6201,12.5073,0.0016,-0.1140,1.8275,2.27,0.025,0.050,0.250
68.78, 2,-44.7015,59.6242,12.4924,0.0017,-0.1116,1.8508,2.27,0.025,0.050,0.250
69.03, 2,-44.7024,59.6320,12.4781,0.0026,-0.1159,1.9795,2.26,0.025,0.050,0.250
69.28, 2,-44.7030,59.6397,12.4406,0.0007,-0.1128,1.9688,2.28,0.025,0.050,0.250
69.54, 2,-44.7040,59.6494,12.4427,0.0007,-0.1128,1.9688,2.28,0.025,0.050,0.250
69.80, 2,-44.7047,59.6597,12.4677,0.0007,-0.1100,1.9624,2.28,0.025,0.050,0.250
70.05, 2,-44.7042,59.6696,12.4906,0.0023,-0.1061,1.9230,2.30,0.025,0.050,0.250
70.30, 2,-44.7046,59.6789,12.5008,0.0030,-0.1035,1.9155,2.29,0.025,0.050,0.250
70.55, 2,-44.7073,59.6865,12.5152,0.0040,-0.1025,1.9084,2.27,0.025,0.050,0.250
70.80, 2,-44.7099,59.6923,12.5194,0.0032,-0.1002,1.9044,2.31,0.025,0.050,0.250
71.06, 2,-44.7109,59.6972,12.5114,0.0038,-0.0977,1.8748,2.30,0.025,0.050,0.250
71.31, 2,-44.7116,59.7039,12.5034,0.0041,-0.0984,1.9030,2.32,0.025,0.050,0.250
71.56, 2,-44.7141,59.7098,12.5124,0.0050,-0.0987,1.9048,2.35,0.025,0.050,0.250
71.82, 2,-44.7160,59.7145,12.5243,0.0054,-0.0985,1.9060,2.36,0.025,0.050,0.250
72.07, 2,-44.7204,59.7176,12.5114,0.0061,-0.0990,1.9124,2.33,0.025,0.050,0.250
72.32, 2,-44.7258,59.7199,12.4891,0.0058,-0.1011,1.9427,2.33,0.025,0.050,0.250
72.58, 2,-44.7307,59.7227,12.4888,0.0042,-0.1020,1.9441,2.34,0.025,0.050,0.250
72.83, 2,-44.7364,59.7239,12.4932,0.0041,-0.1018,1.9394,2.33,0.025,0.050,0.250
73.08, 2,-44.7432,59.7234,12.4967,0.0034,-0.1018,1.9442,2.32,0.025,0.050,0.250
73.33, 2,-44.7472,59.7250,12.5049,0.0034,-0.1006,1.9370,2.32,0.025,0.050,0.250
73.58, 2,-44.7498,59.7272,12.5105,0.0036,-0.1000,1.9585,2.34,0.025,0.050,0.250
73.84, 2,-44.7532,59.7298,12.5087,0.0032,-0.0991,1.9802,2.37,0.025,0.050,0.250
74.09, 2,-44.7545,59.7315,12.5039,0.0037,-0.0948,1.9814,2.36,0.025,0.050,0.250
74.34, 2,-44.7585,59.7316,12.4971,0.0037,-0.0948,1.9814,2.36,0.025,0.050,0.250
74.60, 2,-44.7625,59.7322,12.4887,0.0038,-0.0908,1.9792,2.36,0.025,0.050,0.250
74.85, 2,-44.7658,59.7327,12.4890,0.0032,-0.0873,2.0083,2.34,0.025,0.050,0.250
75.10, 2,-44.7714,59.7342,12.4908,0.0037,-0.0805,2.0078,2.34,0.025,0.050,0.250
75.35, 2,-44.7792,59.7378,12.4919,-0.0001,-0.0734,2.0063,2.35,0.025,0.050,0.250
75.61, 2,-44.7865,59.7467,12.4637,-0.0010,-0.0655,2.0128,2.34,0.025,0.050,0.250
75.86, 2,-44.7900,59.7576,12.4561,-0.0050,-0.0593,2.0218,2.35,0.025,0.050,0.250
76.12, 2,-44.7941,59.7683,12.4541,-0.0072,-0.0511,1.9954,2.35,0.025,0.050,0.250
76.37, 2,-44.7988,59.7817,12.4701,-0.0086,-0.0439,2.0079,2.34,0.025,0.050,0.250
76.62, 2,-44.8004,59.7956,12.4716,-0.0101,-0.0368,2.0087,2.34,0.025,0.050,0.250
76.88, 2,-44.7975,59.8071,12.4910,-0.0100,-0.0301,1.9817,2.34,0.025,0.050,0.250
77.13, 2,-44.7960,59.8197,12.5044,-0.0105,-0.0235,1.9691,2.34,0.025,0.050,0.250
77.39, 2,-44.7953,59.8310,12.5174,-0.0115,-0.0171,1.9614,2.35,0.025,0.050,0.250
77.64, 2,-44.7910,59.8420,12.5441,-0.0138,-0.0118,1.9386,2.35,0.025,0.050,0.250
77.89, 2,-44.7832,59.8512,12.5679,-0.0127,-0.0081,1.9236,2.34,0.025,0.050,0.250
78.14, 2,-44.7741,59.8627,12.5862,-0.0112,-0.0051,1.9076,2.32,0.025,0.050,0.250
78.40, 2,-44.7667,59.8727,12.6094,-0.0112,-0.0051,1.9076,2.32,0.025,0.050,0.250
78.65, 2,-44.7589,59.8798,12.6388,-0.0107,-0.0025,1.8794,2.32,0.025,0.050,0.250
78.90, 2,-44.7506,59.8834,12.6705,-0.0098,-0.0010,1.8334,2.33,0.025,0.050,0.250
79.16, 2,-44.7428,59.8858,12.6985,-0.0059,-0.0338,1.8368,2.47,0.025,0.050,0.250
79.41, 2,-44.7341,59.8876,12.6933,-0.0050,-0.0335,1.8170,2.45,0.025,0.050,0.250
79.67, 2,-44.7257,59.8876,12.7081,-0.0035,-0.0327,1.7904,2.45,0.025,0.050,0.250
79.92, 2,-44.7164,59.8877,12.7179,-0.0021,-0.0326,1.7756,2.45,0.025,0.050,0.250
80.18, 2,-44.7080,59.8884,12.7421,0.0024,-0.0323,1.7190,2.46,0.025,0.050,0.250
80.43, 2,-44.6991,59.8893,12.7681,0.0036,-0.0336,1.7010,2.47,0.025,0.050,0.250
80.68, 2,-44.6938,59.8888,12.7990,0.0056,-0.0332,1.6368,2.46,0.025,0.050,0.250
80.94, 2,-44.6900,59.8871,12.8184,0.0062,-0.0341,1.6204,2.49,0.025,0.050,0.250
81.19, 2,-44.6873,59.8861,12.8559,0.0022,0.0002,1.5496,2.36,0.025,0.050,0.250
81.44, 2,-44.6851,59.8871,12.8796,0.0023,-0.0011,1.5057,2.36,0.025,0.050,0.250
81.70, 2,-44.6834,59.8889,12.8900,0.0033,-0.0023,1.4747,2.36,0.025,0.050,0.250
81.95, 2,-44.6812,59.8902,12.9244,0.0038,-0.0036,1.4160,2.37,0.025,0.050,0.250
82.20, 2,-44.6787,59.8907,12.9737,0.0039,-0.0063,1.3873,2.37,0.025,0.050,0.250
82.45, 2,-44.6777,59.8906,13.0177,0.0037,-0.0084,1.3084,2.40,0.025,0.050,0.250
82.70, 2,-44.6768,59.8927,13.0598,0.0033,-0.0118,1.2996,2.40,0.025,0.050,0.250
82.96, 2,-44.6780,59.8936,13.1031,0.0034,-0.0154,1.2461,2.40,0.025,0.050,0.250
83.21, 2,-44.6791,59.8908,13.1298,0.0028,-0.0191,1.2064,2.41,0.025,0.050,0.250
83.46, 2,-44.6792,59.8860,13.1504,0.0028,-0.0191,1.2064,2.41,0.025,0.050,0.250
83.72, 2,-44.6801,59.8799,13.1776,0.0029,-0.0229,1.1808,2.41,0.025,0.050,0.250
83.97, 2,-44.6812,59.8720,13.1801,0.0037,-0.0267,1.1549,2.40,0.025,0.050,0.250
84.22, 2,-44.6821,59.8652,13.2127,0.0037,-0.0310,1.1486,2.39,0.025,0.050,0.250
84.48, 2,-44.6821,59.8605,13.2583,0.0038,-0.0337,1.1042,2.39,0.025,0.050,0.250
84.73, 2,-44.6817,59.8575,13.2940,0.0043,-0.0365,1.0750,2.39,0.025,0.050,0.250
84.98, 2,-44.6812,59.8558,13.3288,0.0045,-0.0387,1.0389,2.38,0.025,0.050,0.250
85.24, 2,-44.6805,59.8536,13.3454,0.0056,-0.0397,1.0049,2.38,0.025,0.050,0.250
85.49, 2,-44.6807,59.8501,13.3652,0.0059,-0.0413,0.9918,2.40,0.025,0.050,0.250
85.64, 2,-44.6819,59.8483,13.3823,0.0063,-0.0418,0.9661,2.41,0.010,0.005,0.150
85.79, 2,-44.6838,59.8469,13.4033,0.0063,-0.0418,0.9661,2.41,0.010,0.005,0.150
85.95, 2,-44.6854,59.8463,13.4190,0.0062,-0.0415,0.9320,2.42,0.010,0.005,0.150
86.10, 2,-44.6870,59.8460,13.4320,0.0062,-0.0415,0.9320,2.42,0.010,0.005,0.150
86.25, 2,-44.6902,59.8451,13.4439,0.0066,-0.0409,0.9084,2.42,0.010,0.005,0.150
86.40, 2,-44.6940,59.8436,13.4587,0.0066,-0.0409,0.9084,2.42,0.010,0.005,0.150
86.56, 2,-44.6969,59.8437,13.4776,0.0060,-0.0394,0.8809,2.41,0.010,0.005,0.150
86.71, 2,-44.7015,59.8433,13.4925,0.0050,-0.0375,0.8545,2.41,0.010,0.005,0.150
86.86, 2,-44.7052,59.8422,13.5064,0.0050,-0.0375,0.8545,2.41,0.010,0.005,0.150
87.02, 2,-44.7079,59.8413,13.5186,0.0050,-0.0352,0.8304,2.41,0.010,0.005,0.150
87.17, 2,-44.7106,59.8403,13.5199,0.0050,-0.0352,0.8304,2.41,0.010,0.005,0.150
87.32, 2,-44.7142,59.8395,13.5265,0.0043,-0.0328,0.8226,2.43,0.010,0.005,0.150
87.47, 2,-44.7185,59.8397,13.5321,0.0043,-0.0328,0.8226,2.43,0.010,0.005,0.150
87.62, 2,-44.7233,59.8407,13.5254,0.0036,-0.0303,0.8116,2.41,0.010,0.005,0.150
87.78, 2,-44.7283,59.8417,13.5230,0.0027,-0.0280,0.8206,2.42,0.010,0.005,0.150
87.93, 2,-44.7327,59.8424,13.5282,0.0027,-0.0280,0.8206,2.42,0.010,0.005,0.150
88.08, 2,-44.7371,59.8426,13.5365,0.0031,-0.0283,0.9010,2.40,0.010,0.005,0.150
88.23, 2,-44.7396,59.8434,13.5407,0.0031,-0.0283,0.9010,2.40,0.010,0.005,0.150
88.39, 2,-44.7418,59.8442,13.5318,0.0032,-0.0251,0.8957,2.38,0.010,0.005,0.150
88.54, 2,-44.7446,59.8450,13.5306,0.0032,-0.0251,0.8957,2.38,0.010,0.005,0.150
88.70, 2,-44.7484,59.8474,13.5458,0.0027,-0.0219,0.8921,2.40,0.010,0.005,0.150
88.85, 2,-44.7506,59.8489,13.5582,0.0020,-0.0182,0.8663,2.43,0.010,0.005,0.150
89.00, 2,-44.7533,59.8508,13.5695,0.0020,-0.0182,0.8663,2.43,0.010,0.005,0.150
89.15, 2,-44.7541,59.8538,13.5833,0.0017,-0.0149,0.8450,2.43,0.010,0.005,0.150
89.30, 2,-44.7565,59.8574,13.5975,0.0017,-0.0149,0.8450,2.43,0.010,0.005,0.150
89.46, 2,-44.7595,59.8615,13.6160,0.0011,-0.0118,0.8201,2.41,0.010,0.005,0.150
89.61, 2,-44.7605,59.8653,13.6237,0.0011,-0.0118,0.8201,2.41,0.010,0.005,0.150
89.76, 2,-44.7615,59.8693,13.6278,0.0011,-0.0118,0.8201,2.41,0.010,0.005,0.150
89.92, 2,-44.7623,59.8733,13.6367,-0.0108,0.0001,0.7644,3.90,0.010,0.005,0.150
90.07, 2,-44.7639,59.8773,13.6532,-0.0108,0.0001,0.7644,3.90,0.010,0.005,0.150
90.22, 2,-44.7648,59.8808,13.6658,-0.0104,-0.0058,0.7173,3.87,0.010,0.005,0.150
90.38, 2,-44.7643,59.8844,13.6716,-0.0104,-0.0058,0.7173,3.87,0.010,0.005,0.150
90.53, 2,-44.7644,59.8877,13.6851,-0.0102,-0.0047,0.7038,3.87,0.010,0.005,0.150
90.68, 2,-44.7625,59.8911,13.7023,-0.0102,-0.0047,0.7038,3.87,0.010,0.005,0.150
90.83, 2,-44.7609,59.8930,13.7243,-0.0100,-0.0042,0.6649,3.86,0.010,0.005,0.150
90.98, 2,-44.7596,59.8938,13.7382,-0.0093,-0.0041,0.6556,3.88,0.010,0.005,0.150
91.14, 2,-44.7585,59.8941,13.7484,-0.0093,-0.0041,0.6556,3.88,0.010,0.005,0.150
91.29, 2,-44.7583,59.8942,13.7567,-0.0089,-0.0045,0.6275,3.89,0.010,0.005,0.150
91.44, 2,-44.7573,59.8943,13.7706,-0.0089,-0.0045,0.6275,3.89,0.010,0.005,0.150
91.59, 2,-44.7566,59.8945,13.7836,-0.0088,-0.0051,0.6204,3.88,0.010,0.005,0.150
91.74, 2,-44.7566,59.8937,13.7939,-0.0088,-0.0051,0.6204,3.88,0.010,0.005,0.150
91.90, 2,-44.7563,59.8926,13.8048,-0.0085,-0.0059,0.5971,3.88,0.010,0.005,0.150
92.05, 2,-44.7547,59.8925,13.8175,-0.0080,-0.0068,0.5897,3.88,0.010,0.005,0.150
92.20, 2,-44.7526,59.8923,13.8288,-0.0080,-0.0068,0.5897,3.88,0.010,0.005,0.150
92.35, 2,-44.7505,59.8918,13.8426,-0.0075,-0.0080,0.5904,3.89,0.010,0.005,0.150
92.50, 2,-44.7485,59.8914,13.8568,-0.0075,-0.0080,0.5904,3.89,0.010,0.005,0.150
92.66, 2,-44.7467,59.8906,13.8713,-0.0070,-0.0089,0.5969,3.87,0.010,0.005,0.150
92.81, 2,-44.7441,59.8895,13.8846,-0.0070,-0.0089,0.5969,3.87,0.010,0.005,0.150
92.96, 2,-44.7423,59.8874,13.8939,-0.0067,-0.0095,0.5802,3.87,0.010,0.005,0.150
93.12, 2,-44.7406,59.8861,13.9034,-0.0064,-0.0101,0.5735,3.89,0.010,0.005,0.150
93.27, 2,-44.7388,59.8853,13.9093,-0.0064,-0.0101,0.5735,3.89,0.010,0.005,0.150
93.42, 2,-44.7355,59.8850,13.9188,-0.0060,-0.0105,0.5704,3.90,0.010,0.005,0.150
93.58, 2,-44.7339,59.8840,13.9243,-0.0060,-0.0105,0.5704,3.90,0.010,0.005,0.150
93.73, 2,-44.7329,59.8826,13.9276,-0.0057,-0.0110,0.5745,3.89,0.010,0.005,0.150
93.88, 2,-44.7311,59.8818,13.9296,-0.0057,-0.0110,0.5745,3.89,0.010,0.005,0.150
94.04, 2,-44.7291,59.8814,13.9287,-0.0054,-0.0107,0.5519,3.91,0.010,0.005,0.150
94.19, 2,-44.7276,59.8810,13.9310,-0.0052,-0.0109,0.5474,3.92,0.010,0.005,0.150
94.34, 2,-44.7263,59.8811,13.9342,-0.0052,-0.0109,0.5474,3.92,0.010,0.005,0.150
94.50, 2,-44.7248,59.8823,13.9407,-0.0052,-0.0109,0.5474,3.92,0.010,0.005,0.150
94.65, 2,-44.7237,59.8837,13.9458,-0.0052,-0.0109,0.5474,3.92,0.010,0.005,0.150
94.80, 2,-44.7231,59.8846,13.9544,0.0226,-0.4219,4.9822,3.85,0.010,0.005,0.150
95.00, 2,-44.7212,59.8857,13.9628,0.0249,-0.4366,4.9672,3.81,0.150,0.100,0.200
95.20, 2,-44.7215,59.8856,13.9726,0.0249,-0.4366,4.9672,3.81,0.150,0.100,0.200
95.40, 2,-44.7218,59.8871,13.9880,-0.0020,-0.0227,0.4805,3.82,0.150,0.100,0.200
95.55, 2,-44.7210,59.8898,13.9967,-0.0029,-0.0055,0.4694,3.81,0.010,0.005,0.150
95.70, 2,-44.7206,59.8935,14.0071,-0.0029,-0.0055,0.4694,3.81,0.010,0.005,0.150
95.86, 2,-44.7202,59.8975,14.0147,-0.0030,-0.0003,0.4619,3.83,0.010,0.005,0.150
96.01, 2,-44.7200,59.9024,14.0244,-0.0030,-0.0003,0.4619,3.83,0.010,0.005,0.150
96.17, 2,-44.7210,59.9091,14.0369,0.0176,-0.2851,4.9000,3.81,0.010,0.005,0.150
96.37, 2,-44.7224,59.9175,14.0510,0.0084,-0.1988,4.8621,3.82,0.150,0.100,0.200
96.57, 2,-44.7225,59.9288,14.0645,0.0084,-0.1988,4.8621,3.82,0.150,0.100,0.200
96.77, 2,-44.7223,59.9390,14.0712,0.0017,-0.0893,4.8220,3.81,0.150,0.100,0.200
96.98, 2,-44.7217,59.9516,14.0772,0.0017,-0.0893,4.8220,3.81,0.150,0.100,0.200
97.18, 2,-44.7218,59.9635,14.0805,-0.0153,0.1555,4.9865,3.90,0.150,0.100,0.200
97.38, 2,-44.7202,59.9784,14.0847,-0.0153,0.1555,4.9865,3.90,0.150,0.100,0.200
97.58, 2,-44.7193,59.9922,14.0864,-0.0247,0.2953,4.9470,3.88,0.150,0.100,0.200
97.78, 2,-44.7186,60.0108,14.0877,-0.0312,0.4162,4.8971,3.89,0.150,0.100,0.200
97.98, 2,-44.7187,60.0298,14.0892,-0.0401,0.5130,4.8491,3.90,0.150,0.100,0.200
98.18, 2,-44.7186,60.0436,14.0881,-0.0401,0.5130,4.8491,3.90,0.150,0.100,0.200
98.38, 2,-44.7190,60.0564,14.0870,-0.0450,0.5744,4.8172,3.89,0.150,0.100,0.200
98.58, 2,-44.7198,60.0607,14.0837,-0.0486,0.5870,4.8088,3.88,0.150,0.100,0.200
98.78, 2,-44.7199,60.0607,14.0850,-0.0514,0.5497,4.8146,3.88,0.150,0.100,0.200
98.98, 2,-44.7198,60.0562,14.0849,-0.0514,0.5497,4.8146,3.88,0.150,0.100,0.200
99.18, 2,-44.7182,60.0438,14.0764,-0.0455,0.4445,4.8243,3.88,0.150,0.100,0.200
99.38, 2,-44.7173,60.0243,14.0687,-0.0356,0.2732,4.8080,3.86,0.150,0.100,0.200
99.58, 2,-44.7167,60.0004,14.0648,-0.0042,-0.1616,0.4306,3.87,0.150,0.100,0.200
99.73, 2,-44.7162,59.9780,14.0655,-0.0042,-0.1616,0.4306,3.87,0.010,0.005,0.150
99.88, 2,-44.7148,59.9492,14.0655,-0.0261,0.1288,4.5575,3.85,0.010,0.005,0.150
100.08, 2,-44.7135,59.9182,14.0680,-0.0039,-0.1511,4.2981,3.83,0.150,0.100,0.200
100.28, 2,-44.7120,59.8801,14.0714,-0.0039,-0.1511,4.2981,3.83,0.150,0.100,0.200
100.48, 2,-44.7100,59.8458,14.0622,0.0146,-0.3977,4.0226,3.82,0.150,0.100,0.200
100.68, 2,-44.7072,59.8050,14.0574,0.0564,-0.7684,4.8906,3.88,0.150,0.100,0.200
100.88, 2,-44.7047,59.7750,14.0529,0.0773,-1.0408,4.9082,3.87,0.150,0.100,0.200
101.08, 2,-44.7012,59.7410,14.0575,0.0773,-1.0408,4.9082,3.87,0.150,0.100,0.200
101.29, 2,-44.6975,59.7131,14.0667,0.0773,-1.0408,4.9082,3.87,0.150,0.100,0.200
101.49, 2,-44.6949,59.6965,14.0750,0.0773,-1.0408,4.9082,3.87,0.150,0.100,0.200
101.69, 2,-44.6934,59.6896,14.0816,0.0773,-1.0408,4.9082,3.87,0.150,0.100,0.200
101.89, 2,-44.6929,59.6944,14.0834,0.0773,-1.0408,4.9082,3.87,0.150,0.100,0.200
102.09, 2,-44.6932,59.7143,14.0809,0.0773,-1.0408,4.9082,3.87,0.150,0.100,0.200
102.29, 2,-44.6945,59.7406,14.0813,0.0773,-1.0408,4.9082,3.87,0.150,0.100,0.200
102.49, 2,-44.6961,59.7838,14.0831,0.0538,-0.8814,4.9946,3.75,0.150,0.100,0.200
102.69, 2,-44.6977,59.8320,14.0863,0.0538,-0.8814,4.9946,3.75,0.150,0.100,0.200
102.89, 2,-44.7003,59.8989,14.0906,0.0152,-0.2950,5.0051,3.84,0.150,0.100,0.200
103.09, 2,-44.7031,59.9632,14.0932,-0.0365,0.4163,4.9949,3.97,0.150,0.100,0.200
103.30, 2,-44.7079,60.0507,14.0941,-0.0365,0.4163,4.9949,3.97,0.150,0.100,0.200
103.50, 2,-44.7121,60.1244,14.0931,-0.0365,0.4163,4.9949,3.97,0.150,0.100,0.200
103.70, 2,-44.7172,60.2135,14.0944,-0.0365,0.4163,4.9949,3.97,0.150,0.100,0.200
103.90, 2,-44.7206,60.2833,14.0756,-0.0365,0.4163,4.9949,3.97,0.150,0.100,0.200
104.10, 2,-44.7232,60.3579,14.0562,-0.0365,0.4163,4.9949,3.97,0.150,0.100,0.200
104.30, 2,-44.7253,60.4161,14.0531,-0.0365,0.4163,4.9949,3.97,0.150,0.100,0.200
104.50, 2,-44.7271,60.4783,14.0641,-0.0365,0.4163,4.9949,3.97,0.150,0.100,0.200
104.70, 2,-44.7281,60.5324,14.0674,-0.0365,0.4163,4.9949,3.97,0.150,0.100,0.200
104.90, 2,-44.7275,60.5688,14.0047,-0.0365,0.4163,4.9949,3.97,0.150,0.100,0.200
105.10, 2,-44.7274,60.6020,13.9935,-0.0365,0.4163,4.9949,3.97,0.150,0.100,0.200
105.30, 2,-44.7260,60.6211,14.0107,-0.0365,0.4163,4.9949,3.97,0.150,0.100,0.200
105.51, 2,-44.7220,60.6338,14.0452,-0.0365,0.4163,4.9949,3.97,0.150,0.100,0.200
105.71, 2,-44.7182,60.6383,14.0787,-0.0365,0.4163,4.9949,3.97,0.150,0.100,0.200
105.91, 2,-44.7143,60.6362,14.0976,-0.0365,0.4163,4.9949,3.97,0.150,0.100,0.200
106.11, 2,-44.7108,60.6268,14.1178,-0.0365,0.4163,4.9949,3.97,0.150,0.100,0.200
106.31, 2,-44.7062,60.6083,14.1332,-0.0365,0.4163,4.9949,3.97,0.150,0.100,0.200
106.51, 2,-44.7008,60.5825,14.1435,-0.0365,0.4163,4.9949,3.97,0.150,0.100,0.200
106.72, 2,-44.6967,60.5551,14.1382,-0.0365,0.4163,4.9949,3.97,0.150,0.100,0.200
106.92, 2,-44.6916,60.5126,14.1308,-0.0365,0.4163,4.9949,3.97,0.150,0.100,0.200
107.12, 2,-44.6877,60.4729,14.1292,-0.0365,0.4163,4.9949,3.97,0.150,0.100,0.200
107.32, 2,-44.6796,60.4211,14.1327,-0.0365,0.4163,4.9949,3.97,0.150,0.100,0.200
107.52, 2,-44.6725,60.3736,14.1364,-0.0365,0.4163,4.9949,3.97,0.150,0.100,0.200
107.72, 2,-44.6644,60.3136,14.1140,-0.0365,0.4163,4.9949,3.97,0.150,0.100,0.200
107.92, 2,-44.6576,60.2549,14.1082,-0.0365,0.4163,4.9949,3.97,0.150,0.100,0.200
108.12, 2,-44.6536,60.2055,14.1142,-0.0365,0.4163,4.9949,3.97,0.150,0.100,0.200
108.32, 2,-44.6488,60.1435,14.1263,-0.0365,0.4163,4.9949,3.97,0.150,0.100,0.200
108.52, 2,-44.6464,60.0943,14.1364,-0.0616,0.8599,5.0020,4.00,0.150,0.100,0.200
108.72, 2,-44.6432,60.0284,14.1430,0.0055,-0.1123,4.9945,3.91,0.150,0.100,0.200
108.92, 2,-44.6412,59.9599,14.1491,0.0055,-0.1123,4.9945,3.91,0.150,0.100,0.200
109.12, 2,-44.6406,59.9019,14.1495,0.0647,-0.9822,4.9839,3.79,0.150,0.100,0.200
109.32, 2,-44.6410,59.8361,14.1528,0.0647,-0.9822,4.9839,3.79,0.150,0.100,0.200
109.52, 2,-44.6428,59.7821,14.1545,0.0647,-0.9822,4.9839,3.79,0.150,0.100,0.200
109.72, 2,-44.6466,59.7250,14.1512,0.0647,-0.9822,4.9839,3.79,0.150,0.100,0.200
109.92, 2,-44.6504,59.6856,14.1450,0.0647,-0.9822,4.9839,3.79,0.150,0.100,0.200
110.12, 2,-44.6562,59.6501,14.1402,0.0647,-0.9822,4.9839,3.79,0.150,0.100,0.200
110.32, 2,-44.6608,59.6320,14.1382,0.0647,-0.9822,4.9839,3.79,0.150,0.100,0.200
110.52, 2,-44.6673,59.6252,14.1277,0.0647,-0.9822,4.9839,3.79,0.150,0.100,0.200
110.72, 2,-44.6770,59.6345,14.1202,0.0647,-0.9822,4.9839,3.79,0.150,0.100,0.200
110.92, 2,-44.6880,59.6608,14.1178,0.0647,-0.9822,4.9839,3.79,0.150,0.100,0.200
111.12, 2,-44.6973,59.6959,14.1089,0.0647,-0.9822,4.9839,3.79,0.150,0.100,0.200
111.32, 2,-44.7090,59.7392,14.0973,0.0647,-0.9822,4.9839,3.79,0.150,0.100,0.200
111.52, 2,-44.7217,59.8055,14.0717,0.0647,-0.9822,4.9839,3.79,0.150,0.100,0.200
111.72, 2,-44.7332,59.8851,14.0514,0.0054,-0.3223,5.0602,3.68,0.150,0.100,0.200
111.92, 2,-44.7433,59.9590,14.0473,-0.0411,0.4558,5.0142,3.85,0.150,0.100,0.200
112.13, 2,-44.7548,60.0597,13.9853,-0.0411,0.4558,5.0142,3.85,0.150,0.100,0.200
112.33, 2,-44.7655,60.1487,13.9541,-0.0411,0.4558,5.0142,3.85,0.150,0.100,0.200
112.53, 2,-44.7780,60.2540,13.9471,-0.0411,0.4558,5.0142,3.85,0.150,0.100,0.200
112.73, 2,-44.7851,60.3350,13.9649,-0.0411,0.4558,5.0142,3.85,0.150,0.100,0.200
112.93, 2,-44.7936,60.4263,14.0030,-0.0411,0.4558,5.0142,3.85,0.150,0.100,0.200
113.14, 2,-44.7979,60.4950,14.0307,-0.0411,0.4558,5.0142,3.85,0.150,0.100,0.200
113.34, 2,-44.8034,60.5715,14.0542,-0.0411,0.4558,5.0142,3.85,0.150,0.100,0.200
113.54, 2,-44.8073,60.6282,14.0731,-0.0411,0.4558,5.0142,3.85,0.150,0.100,0.200
113.74, 2,-44.8107,60.6889,14.0858,-0.0411,0.4558,5.0142,3.85,0.150,0.100,0.200
113.94, 2,-44.8124,60.7365,14.0972,-0.0411,0.4558,5.0142,3.85,0.150,0.100,0.200
114.14, 2,-44.8130,60.7650,14.0968,-0.0411,0.4558,5.0142,3.85,0.150,0.100,0.200
114.34, 2,-44.8129,60.7899,14.0951,-0.0411,0.4558,5.0142,3.85,0.150,0.100,0.200
114.54, 2,-44.8079,60.8060,14.1052,-0.0411,0.4558,5.0142,3.85,0.150,0.100,0.200
114.74, 2,-44.8002,60.8087,14.1168,-0.0411,0.4558,5.0142,3.85,0.150,0.100,0.200
114.94, 2,-44.7926,60.8029,14.1189,-0.0411,0.4558,5.0142,3.85,0.150,0.100,0.200
115.14, 2,-44.7816,60.7879,14.1133,-0.0411,0.4558,5.0142,3.85,0.150,0.100,0.200
115.34, 2,-44.7724,60.7662,14.1099,-0.0411,0.4558,5.0142,3.85,0.150,0.100,0.200
115.54, 2,-44.7604,60.7326,14.1114,-0.0411,0.4558,5.0142,3.85,0.150,0.100,0.200
115.74, 2,-44.7502,60.6980,14.1100,-0.0411,0.4558,5.0142,3.85,0.150,0.100,0.200
115.94, 2,-44.7360,60.6491,14.1135,-0.0411,0.4558,5.0142,3.85,0.150,0.100,0.200
116.14, 2,-44.7235,60.6039,14.1184,-0.0411,0.4558,5.0142,3.85,0.150,0.100,0.200
116.34, 2,-44.7078,60.5445,14.1216,-0.0411,0.4558,5.0142,3.85,0.150,0.100,0.200
116.54, 2,-44.6949,60.4889,14.1211,-0.0411,0.4558,5.0142,3.85,0.150,0.100,0.200
116.74, 2,-44.6817,60.4211,14.0976,-0.0411,0.4558,5.0142,3.85,0.150,0.100,0.200
116.94, 2,-44.6691,60.3616,14.0799,-0.0411,0.4558,5.0142,3.85,0.150,0.100,0.200
117.14, 2,-44.6539,60.2870,14.0793,-0.0411,0.4558,5.0142,3.85,0.150,0.100,0.200
117.34, 2,-44.6452,60.2273,14.0832,-0.0411,0.4558,5.0142,3.85,0.150,0.100,0.200
117.55, 2,-44.6355,60.1551,14.0919,-0.0542,0.8332,5.0163,3.72,0.150,0.100,0.200
117.75, 2,-44.6264,60.0796,14.1028,-0.0542,0.8332,5.0163,3.72,0.150,0.100,0.200
117.95, 2,-44.6196,60.0154,14.1015,-0.0052,0.0809,4.9982,3.80,0.150,0.100,0.200
118.15, 2,-44.6140,59.9340,14.0973,0.0428,-0.6700,4.9949,3.82,0.150,0.100,0.200
118.35, 2,-44.6080,59.8513,14.0928,0.0428,-0.6700,4.9949,3.82,0.150,0.100,0.200
118.55, 2,-44.6049,59.7863,14.0868,0.0428,-0.6700,4.9949,3.82,0.150,0.100,0.200
118.75, 2,-44.6008,59.7116,14.0861,0.0428,-0.6700,4.9949,3.82,0.150,0.100,0.200
118.96, 2,-44.5989,59.6537,14.0932,0.0428,-0.6700,4.9949,3.82,0.150,0.100,0.200
119.16, 2,-44.5977,59.5944,14.0943,0.0428,-0.6700,4.9949,3.82,0.150,0.100,0.200
119.36, 2,-44.5973,59.5520,14.0820,0.0428,-0.6700,4.9949,3.82,0.150,0.100,0.200
119.56, 2,-44.5980,59.5156,14.0779,0.0428,-0.6700,4.9949,3.82,0.150,0.100,0.200
119.76, 2,-44.6016,59.4976,14.0827,0.0428,-0.6700,4.9949,3.82,0.150,0.100,0.200
119.96, 2,-44.6064,59.4950,14.0887,0.0428,-0.6700,4.9949,3.82,0.150,0.100,0.200
120.16, 2,-44.6141,59.5021,14.0901,0.0428,-0.6700,4.9949,3.82,0.150,0.100,0.200
120.36, 2,-44.6217,59.5176,14.0986,0.0428,-0.6700,4.9949,3.82,0.150,0.100,0.200
120.56, 2,-44.6289,59.5472,14.1073,0.0428,-0.6700,4.9949,3.82,0.150,0.100,0.200
120.76, 2,-44.6366,59.5811,14.1142,0.0428,-0.6700,4.9949,3.82,0.150,0.100,0.200
120.96, 2,-44.6449,59.6300,14.1205,0.0428,-0.6700,4.9949,3.82,0.150,0.100,0.200
121.16, 2,-44.6517,59.6774,14.1214,0.0428,-0.6700,4.9949,3.82,0.150,0.100,0.200
121.36, 2,-44.6608,59.7433,14.1114,0.0428,-0.6700,4.9949,3.82,0.150,0.100,0.200
121.56, 2,-44.6683,59.8184,14.1077,0.0176,-0.3946,5.0333,3.70,0.150,0.100,0.200
121.76, 2,-44.6748,59.8809,14.1086,0.0176,-0.3946,5.0333,3.70,0.150,0.100,0.200
121.96, 2,-44.6833,59.9611,14.1100,-0.0421,0.4905,4.9947,3.85,0.150,0.100,0.200
122.16, 2,-44.6905,60.0320,14.1168,-0.0421,0.4905,4.9947,3.85,0.150,0.100,0.200
122.37, 2,-44.6987,60.1168,14.1265,-0.0421,0.4905,4.9947,3.85,0.150,0.100,0.200
122.57, 2,-44.7066,60.2013,14.1305,-0.0421,0.4905,4.9947,3.85,0.150,0.100,0.200
122.77, 2,-44.7127,60.2675,14.1259,-0.0421,0.4905,4.9947,3.85,0.150,0.100,0.200
122.97, 2,-44.7198,60.3428,14.1228,-0.0421,0.4905,4.9947,3.85,0.150,0.100,0.200
123.18, 2,-44.7257,60.4024,14.1227,-0.0421,0.4905,4.9947,3.85,0.150,0.100,0.200
123.38, 2,-44.7308,60.4621,14.1223,-0.0421,0.4905,4.9947,3.85,0.150,0.100,0.200
123.58, 2,-44.7339,60.5038,14.1188,-0.0421,0.4905,4.9947,3.85,0.150,0.100,0.200
123.78, 2,-44.7370,60.5393,14.1065,-0.0421,0.4905,4.9947,3.85,0.150,0.100,0.200
123.98, 2,-44.7381,60.5579,14.1012,-0.0421,0.4905,4.9947,3.85,0.150,0.100,0.200
124.18, 2,-44.7379,60.5706,14.1080,-0.0421,0.4905,4.9947,3.85,0.150,0.100,0.200
124.38, 2,-44.7374,60.5726,14.1200,-0.0421,0.4905,4.9947,3.85,0.150,0.100,0.200
124.58, 2,-44.7353,60.5625,14.1294,-0.0421,0.4905,4.9947,3.85,0.150,0.100,0.200
124.78, 2,-44.7318,60.5432,14.1330,-0.0421,0.4905,4.9947,3.85,0.150,0.100,0.200
124.99, 2,-44.7273,60.5188,14.1321,-0.0421,0.4905,4.9947,3.85,0.150,0.100,0.200
125.19, 2,-44.7212,60.4804,14.1197,-0.0421,0.4905,4.9947,3.85,0.150,0.100,0.200
125.39, 2,-44.7147,60.4403,14.0805,-0.0421,0.4905,4.9947,3.85,0.150,0.100,0.200
125.60, 2,-44.7059,60.3889,14.0660,-0.0421,0.4905,4.9947,3.85,0.150,0.100,0.200
125.80, 2,-44.6965,60.3306,14.0752,-0.0421,0.4905,4.9947,3.85,0.150,0.100,0.200
126.00, 2,-44.6874,60.2792,14.0891,-0.0421,0.4905,4.9947,3.85,0.150,0.100,0.200
126.20, 2,-44.6802,60.2173,14.1115,-0.0421,0.4905,4.9947,3.85,0.150,0.100,0.200
126.40, 2,-44.6727,60.1627,14.1292,-0.0421,0.4905,4.9947,3.85,0.150,0.100,0.200
126.60, 2,-44.6617,60.0914,14.1485,-0.0421,0.4905,4.9947,3.85,0.150,0.100,0.200
126.80, 2,-44.6523,60.0309,14.1621,-0.0307,0.4930,5.0309,3.47,0.150,0.100,0.200
127.00, 2,-44.6408,59.9537,14.1717,0.0679,-1.0068,4.9422,3.64,0.150,0.100,0.200
127.20, 2,-44.6319,59.8903,14.1609,0.0679,-1.0068,4.9422,3.64,0.150,0.100,0.200
127.40, 2,-44.6222,59.8087,14.1584,0.0679,-1.0068,4.9422,3.64,0.150,0.100,0.200
127.60, 2,-44.6160,59.7455,14.1640,0.0679,-1.0068,4.9422,3.64,0.150,0.100,0.200
127.80, 2,-44.6084,59.6777,14.1448,0.0679,-1.0068,4.9422,3.64,0.150,0.100,0.200
128.00, 2,-44.6018,59.6280,14.1439,0.0679,-1.0068,4.9422,3.64,0.150,0.100,0.200
128.20, 2,-44.5954,59.5824,14.1542,0.0679,-1.0068,4.9422,3.64,0.150,0.100,0.200
128.41, 2,-44.5928,59.5609,14.1626,0.0679,-1.0068,4.9422,3.64,0.150,0.100,0.200
128.61, 2,-44.5903,59.5491,14.1507,0.0679,-1.0068,4.9422,3.64,0.150,0.100,0.200
128.81, 2,-44.5891,59.5514,14.1306,0.0679,-1.0068,4.9422,3.64,0.150,0.100,0.200
129.01, 2,-44.5904,59.5668,14.1272,0.0679,-1.0068,4.9422,3.64,0.150,0.100,0.200
129.21, 2,-44.5931,59.5996,14.1363,0.0679,-1.0068,4.9422,3.64,0.150,0.100,0.200
129.41, 2,-44.5973,59.6491,14.1416,0.0679,-1.0068,4.9422,3.64,0.150,0.100,0.200
129.61, 2,-44.6013,59.7020,14.1498,0.0679,-1.0068,4.9422,3.64,0.150,0.100,0.200
129.81, 2,-44.6071,59.7749,14.1464,0.0679,-1.0068,4.9422,3.64,0.150,0.100,0.200
130.02, 2,-44.6141,59.8477,14.1431,0.0679,-1.0068,4.9422,3.64,0.150,0.100,0.200
130.22, 2,-44.6232,59.9430,14.1516,0.0679,-1.0068,4.9422,3.64,0.150,0.100,0.200
130.42, 2,-44.6334,60.0473,14.1571,0.0679,-1.0068,4.9422,3.64,0.150,0.100,0.200
130.62, 2,-44.6416,60.1404,14.1612,0.0679,-1.0068,4.9422,3.64,0.150,0.100,0.200
130.82, 2,-44.6522,60.2588,14.1588,0.0679,-1.0068,4.9422,3.64,0.150,0.100,0.200
131.02, 2,-44.6607,60.3587,14.1548,0.0679,-1.0068,4.9422,3.64,0.150,0.100,0.200
131.22, 2,-44.6693,60.4834,14.1575,0.0679,-1.0068,4.9422,3.64,0.150,0.100,0.200
131.42, 2,-44.6775,60.6126,14.1606,0.0679,-1.0068,4.9422,3.64,0.150,0.100,0.200
131.62, 2,-44.6845,60.7238,14.1602,0.0679,-1.0068,4.9422,3.64,0.150,0.100,0.200
131.82, 2,-44.6911,60.8566,14.1530,0.0679,-1.0068,4.9422,3.64,0.150,0.100,0.200
132.02, 2,-44.6985,60.9965,14.1472,0.0679,-1.0068,4.9422,3.64,0.150,0.100,0.200
132.22, 2,-44.7048,61.1137,14.1421,0.0679,-1.0068,4.9422,3.64,0.150,0.100,0.200
132.42, 2,-44.7119,61.2546,14.1366,0.0679,-1.0068,4.9422,3.64,0.150,0.100,0.200
132.62, 2,-44.7165,61.3970,14.1263,0.0679,-1.0068,4.9422,3.64,0.150,0.100,0.200
132.82, 2,-44.7211,61.5373,14.1136,0.0679,-1.0068,4.9422,3.64,0.150,0.100,0.200
133.03, 2,-44.7248,61.6584,14.1116,0.0679,-1.0068,4.9422,3.64,0.150,0.100,0.200
133.23, 2,-44.7279,61.8020,14.1024,0.0679,-1.0068,4.9422,3.64,0.150,0.100,0.200
133.43, 2,-44.7293,61.9165,14.0999,0.0679,-1.0068,4.9422,3.64,0.150,0.100,0.200
133.64, 2,-44.7321,62.0576,14.1003,0.0679,-1.0068,4.9422,3.64,0.150,0.100,0.200
133.84, 2,-44.7362,62.1931,14.0939,0.0679,-1.0068,4.9422,3.64,0.150,0.100,0.200
134.04, 2,-44.7398,62.2998,14.0900,0.0679,-1.0068,4.9422,3.64,0.150,0.100,0.200
134.24, 2,-44.7419,62.4303,14.0896,0.0679,-1.0068,4.9422,3.64,0.150,0.100,0.200
134.44, 2,-44.7431,62.5598,14.0838,0.0679,-1.0068,4.9422,3.64,0.150,0.100,0.200
134.64, 2,-44.7409,62.6814,14.0736,0.0679,-1.0068,4.9422,3.64,0.150,0.100,0.200
134.84, 2,-44.7389,62.7812,14.0628,0.0679,-1.0068,4.9422,3.64,0.150,0.100,0.200
135.04, 2,-44.7360,62.9028,14.0586,0.0679,-1.0068,4.9422,3.64,0.150,0.100,0.200
135.24, 2,-44.7317,63.0219,14.0620,0.0679,-1.0068,4.9422,3.64,0.150,0.100,0.200
135.44, 2,-44.7263,63.1206,14.0702,0.0679,-1.0068,4.9422,3.64,0.150,0.100,0.200
135.64, 2,-44.7207,63.2332,14.0794,0.0679,-1.0068,4.9422,3.64,0.150,0.100,0.200
135.84, 2,-44.7174,63.3263,14.0893,0.0679,-1.0068,4.9422,3.64,0.150,0.100,0.200
136.04, 2,-44.7136,63.4362,14.0757,0.0679,-1.0068,4.9422,3.64,0.150,0.100,0.200
136.24, 2,-44.7088,63.5451,14.0633,0.0679,-1.0068,4.9422,3.64,0.150,0.100,0.200
136.45, 2,-44.7007,63.6533,14.0646,0.0679,-1.0068,4.9422,3.64,0.150,0.100,0.200
136.65, 2,-44.6936,63.7412,14.0640,0.0679,-1.0068,4.9422,3.64,0.150,0.100,0.200
136.85, 2,-44.6858,63.8453,14.0520,0.0679,-1.0068,4.9422,3.64,0.150,0.100,0.200
137.05, 2,-44.6796,63.9483,14.0565,0.0679,-1.0068,4.9422,3.64,0.150,0.100,0.200
137.25, 2,-44.6747,64.0325,14.0668,0.0679,-1.0068,4.9422,3.64,0.150,0.100,0.200
137.45, 2,-44.6679,64.1317,14.0792,0.0679,-1.0068,4.9422,3.64,0.150,0.100,0.200
137.65, 2,-44.6624,64.2351,14.0913,0.0679,-1.0068,4.9422,3.64,0.150,0.100,0.200
137.85, 2,-44.6582,64.3185,14.0994,0.0679,-1.0068,4.9422,3.64,0.150,0.100,0.200
138.05, 2,-44.6541,64.4177,14.1026,0.0679,-1.0068,4.9422,3.64,0.150,0.100,0.200
138.25, 2,-44.6505,64.5013,14.0871,0.0679,-1.0068,4.9422,3.64,0.150,0.100,0.200
138.45, 2,-44.6456,64.6031,14.0833,0.0679,-1.0068,4.9422,3.64,0.150,0.100,0.200
138.65, 2,-44.6422,64.6864,14.0894,0.0679,-1.0068,4.9422,3.64,0.150,0.100,0.200
138.85, 2,-44.6379,64.7856,14.0905,0.0679,-1.0068,4.9422,3.64,0.150,0.100,0.200
139.05, 2,-44.6359,64.8845,14.0923,0.0679,-1.0068,4.9422,3.64,0.150,0.100,0.200
139.25, 2,-44.6345,64.9693,14.0964,0.0679,-1.0068,4.9422,3.64,0.150,0.100,0.200
139.45, 2,-44.6328,65.0674,14.0992,0.0679,-1.0068,4.9422,3.64,0.150,0.100,0.200
139.65, 2,-44.6290,65.1660,14.0819,0.0679,-1.0068,4.9422,3.64,0.150,0.100,0.200
139.85, 2,-44.6260,65.2648,14.0423,0.0679,-1.0068,4.9422,3.64,0.150,0.100,0.200
140.05, 2,-44.6241,65.3502,14.0211,0.0679,-1.0068,4.9422,3.64,0.150,0.100,0.200
140.25, 2,-44.6226,65.4493,14.0174,0.0679,-1.0068,4.9422,3.64,0.150,0.100,0.200
140.45, 2,-44.6219,65.5521,14.0275,0.0679,-1.0068,4.9422,3.64,0.150,0.100,0.200
140.65, 2,-44.6218,65.6390,14.0421,0.0679,-1.0068,4.9422,3.64,0.150,0.100,0.200
140.85, 2,-44.6243,65.7408,14.0577,0.0679,-1.0068,4.9422,3.64,0.150,0.100,0.200
141.05, 2,-44.6269,65.8428,14.0673,0.0679,-1.0068,4.9422,3.64,0.150,0.100,0.200
141.25, 2,-44.6293,65.9256,14.0767,0.0679,-1.0068,4.9422,3.64,0.150,0.100,0.200
141.45, 2,-44.6320,66.0254,14.0846,0.0679,-1.0068,4.9422,3.64,0.150,0.100,0.200
141.65, 2,-44.6354,66.1208,14.0827,0.0679,-1.0068,4.9422,3.64,0.150,0.100,0.200
141.85, 2,-44.6396,66.2039,14.0745,0.0679,-1.0068,4.9422,3.64,0.150,0.100,0.200
142.05, 2,-44.6454,66.3036,14.0746,0.0679,-1.0068,4.9422,3.64,0.150,0.100,0.200
142.25, 2,-44.6507,66.3887,14.0783,0.0679,-1.0068,4.9422,3.64,0.150,0.100,0.200
142.45, 2,-44.6583,66.4942,14.0816,0.0679,-1.0068,4.9422,3.64,0.150,0.100,0.200
142.65, 2,-44.6643,66.6005,14.0826,0.0679,-1.0068,4.9422,3.64,0.150,0.100,0.200
142.86, 2,-44.6693,66.7057,14.0833,0.0679,-1.0068,4.9422,3.64,0.150,0.100,0.200
143.06, 2,-44.6745,66.7974,14.0800,0.0679,-1.0068,4.9422,3.64,0.150,0.100,0.200
143.26, 2,-44.6817,66.9044,14.0668,0.0679,-1.0068,4.9422,3.64,0.150,0.100,0.200
143.46, 2,-44.6899,67.0086,14.0565,0.0679,-1.0068,4.9422,3.64,0.150,0.100,0.200
143.66, 2,-44.6969,67.0991,14.0377,0.0679,-1.0068,4.9422,3.64,0.150,0.100,0.200
143.86, 2,-44.7054,67.2095,14.0241,0.0679,-1.0068,4.9422,3.64,0.150,0.100,0.200
144.06, 2,-44.7136,67.3038,14.0184,0.0679,-1.0068,4.9422,3.64,0.150,0.100,0.200
144.26, 2,-44.7211,67.4149,14.0154,0.0679,-1.0068,4.9422,3.64,0.150,0.100,0.200
144.46, 2,-44.7263,67.5073,14.0198,0.0679,-1.0068,4.9422,3.64,0.150,0.100,0.200
144.66, 2,-44.7322,67.6173,14.0215,0.0679,-1.0068,4.9422,3.64,0.150,0.100,0.200
144.86, 2,-44.7380,67.7330,14.0186,0.0679,-1.0068,4.9422,3.64,0.150,0.100,0.200
145.06, 2,-44.7420,67.8309,14.0207,0.0679,-1.0068,4.9422,3.64,0.150,0.100,0.200
145.26, 2,-44.7467,67.9434,14.0319,0.0679,-1.0068,4.9422,3.64,0.150,0.100,0.200
145.46, 2,-44.7531,68.0578,14.0388,0.0679,-1.0068,4.9422,3.64,0.150,0.100,0.200
145.67, 2,-44.7561,68.1718,14.0464,0.0679,-1.0068,4.9422,3.64,0.150,0.100,0.200
145.87, 2,-44.7575,68.2642,14.0537,0.0679,-1.0068,4.9422,3.64,0.150,0.100,0.200
146.07, 2,-44.7585,68.3770,14.0468,0.0679,-1.0068,4.9422,3.64,0.150,0.100,0.200
146.27, 2,-44.7593,68.4884,14.0453,0.0679,-1.0068,4.9422,3.64,0.150,0.100,0.200
146.48, 2,-44.7603,68.5788,14.0509,0.0679,-1.0068,4.9422,3.64,0.150,0.100,0.200
146.68, 2,-44.7603,68.6872,14.0516,0.0679,-1.0068,4.9422,3.64,0.150,0.100,0.200
146.88, 2,-44.7599,68.7964,14.0384,0.0679,-1.0068,4.9422,3.64,0.150,0.100,0.200
147.08, 2,-44.7592,68.9050,14.0328,0.0679,-1.0068,4.9422,3.64,0.150,0.100,0.200
147.28, 2,-44.7577,69.0153,14.0324,0.0679,-1.0068,4.9422,3.64,0.150,0.100,0.200
147.48, 2,-44.7556,69.1078,14.0361,0.0679,-1.0068,4.9422,3.64,0.150,0.100,0.200
147.68, 2,-44.7532,69.2175,14.0456,0.0679,-1.0068,4.9422,3.64,0.150,0.100,0.200
147.88, 2,-44.7512,69.3262,14.0401,0.0679,-1.0068,4.9422,3.64,0.150,0.100,0.200
148.08, 2,-44.7498,69.4180,14.0419,0.0679,-1.0068,4.9422,3.64,0.150,0.100,0.200
148.29, 2,-44.7467,69.5286,14.0484,0.0679,-1.0068,4.9422,3.64,0.150,0.100,0.200
148.49, 2,-44.7423,69.6394,14.0483,0.0679,-1.0068,4.9422,3.64,0.150,0.100,0.200
148.69, 2,-44.7401,69.7305,14.0453,0.0679,-1.0068,4.9422,3.64,0.150,0.100,0.200
148.89, 2,-44.7368,69.8386,14.0452,0.0679,-1.0068,4.9422,3.64,0.150,0.100,0.200
149.09, 2,-44.7333,69.9519,14.0285,0.0679,-1.0068,4.9422,3.64,0.150,0.100,0.200
149.29, 2,-44.7318,70.0597,14.0202,0.0679,-1.0068,4.9422,3.64,0.150,0.100,0.200
149.50, 2,-44.7309,70.1509,14.0048,0.0679,-1.0068,4.9422,3.64,0.150,0.100,0.200
149.70, 2,-44.7276,70.2601,14.0046,0.0679,-1.0068,4.9422,3.64,0.150,0.100,0.200
149.90, 2,-44.7241,70.3686,14.0111,0.0679,-1.0068,4.9422,3.64,0.150,0.100,0.200
150.10, 2,-44.7207,70.4618,14.0201,0.0679,-1.0068,4.9422,3.64,0.150,0.100,0.200
150.30, 2,-44.7186,70.5727,14.0350,0.0679,-1.0068,4.9422,3.64,0.150,0.100,0.200
150.50, 2,-44.7175,70.6675,14.0492,0.0679,-1.0068,4.9422,3.64,0.150,0.100,0.200
150.70, 2,-44.7164,70.7774,14.0526,0.0679,-1.0068,4.9422,3.64,0.150,0.100,0.200
150.90, 2,-44.7147,70.8857,14.0628,0.0679,-1.0068,4.9422,3.64,0.150,0.100,0.200
151.10, 2,-44.7137,70.9750,14.0733,0.0679,-1.0068,4.9422,3.64,0.150,0.100,0.200
151.30, 2,-44.7117,71.0821,14.0760,0.0679,-1.0068,4.9422,3.64,0.150,0.100,0.200
151.50, 2,-44.7086,71.1857,14.0775,0.0679,-1.0068,4.9422,3.64,0.150,0.100,0.200
151.70, 2,-44.7056,71.2916,14.0675,0.0679,-1.0068,4.9422,3.64,0.150,0.100,0.200
151.90, 2,-44.7033,71.3788,14.0635,0.0679,-1.0068,4.9422,3.64,0.150,0.100,0.200
152.10, 2,-44.7012,71.4824,14.0657,0.0679,-1.0068,4.9422,3.64,0.150,0.100,0.200
152.30, 2,-44.6987,71.5899,14.0698,0.0679,-1.0068,4.9422,3.64,0.150,0.100,0.200
152.50, 2,-44.6958,71.6940,14.0716,0.0679,-1.0068,4.9422,3.64,0.150,0.100,0.200
152.71, 2,-44.6937,71.7839,14.0711,0.0679,-1.0068,4.9422,3.64,0.150,0.100,0.200
152.91, 2,-44.6911,71.8913,14.0736,0.0679,-1.0068,4.9422,3.64,0.150,0.100,0.200
153.11, 2,-44.6887,71.9999,14.0788,0.0679,-1.0068,4.9422,3.64,0.150,0.100,0.200
153.31, 2,-44.6868,72.1101,14.0719,0.0679,-1.0068,4.9422,3.64,0.150,0.100,0.200
153.51, 2,-44.6871,72.2192,14.0657,0.0679,-1.0068,4.9422,3.64,0.150,0.100,0.200
153.71, 2,-44.6886,72.3091,14.0688,0.0679,-1.0068,4.9422,3.64,0.150,0.100,0.200
153.91, 2,-44.6905,72.4130,14.0706,0.0679,-1.0068,4.9422,3.64,0.150,0.100,0.200
154.11, 2,-44.6923,72.5220,14.0649,0.0679,-1.0068,4.9422,3.64,0.150,0.100,0.200
154.31, 2,-44.6926,72.6119,14.0634,0.0679,-1.0068,4.9422,3.64,0.150,0.100,0.200
154.51, 2,-44.6935,72.7215,14.0717,0.0679,-1.0068,4.9422,3.64,0.150,0.100,0.200
154.71, 2,-44.6952,72.8277,14.0821,0.0679,-1.0068,4.9422,3.64,0.150,0.100,0.200
154.91, 2,-44.6963,72.9179,14.0935,0.0679,-1.0068,4.9422,3.64,0.150,0.100,0.200
155.11, 2,-44.6978,73.0242,14.0875,0.0679,-1.0068,4.9422,3.64,0.150,0.100,0.200
155.31, 2,-44.6983,73.1289,14.0813,0.0679,-1.0068,4.9422,3.64,0.150,0.100,0.200
155.51, 2,-44.6990,73.2176,14.0732,0.0679,-1.0068,4.9422,3.64,0.150,0.100,0.200
155.71, 2,-44.6987,73.3195,14.0666,0.0679,-1.0068,4.9422,3.64,0.150,0.100,0.200
155.91, 2,-44.6990,73.4044,14.0532,0.0679,-1.0068,4.9422,3.64,0.150,0.100,0.200
156.11, 2,-44.6995,73.5049,14.0250,0.0679,-1.0068,4.9422,3.64,0.150,0.100,0.200
156.31, 2,-44.7009,73.6124,14.0254,0.0679,-1.0068,4.9422,3.64,0.150,0.100,0.200
156.51, 2,-44.7026,73.7020,14.0347,0.0679,-1.0068,4.9422,3.64,0.150,0.100,0.200
156.71, 2,-44.7052,73.8098,14.0509,0.0679,-1.0068,4.9422,3.64,0.150,0.100,0.200
156.91, 2,-44.7088,73.9178,14.0718,0.0679,-1.0068,4.9422,3.64,0.150,0.100,0.200
157.11, 2,-44.7113,74.0271,14.0890,0.0679,-1.0068,4.9422,3.64,0.150,0.100,0.200
157.31, 2,-44.7140,74.1202,14.0984,0.0679,-1.0068,4.9422,3.64,0.150,0.100,0.200
157.51, 2,-44.7176,74.2292,14.1134,0.0679,-1.0068,4.9422,3.64,0.150,0.100,0.200
157.71, 2,-44.7208,74.3383,14.1266,0.0679,-1.0068,4.9422,3.64,0.150,0.100,0.200
157.92, 2,-44.7221,74.4296,14.1283,0.0679,-1.0068,4.9422,3.64,0.150,0.100,0.200
158.12, 2,-44.7226,74.5424,14.1322,0.0679,-1.0068,4.9422,3.64,0.150,0.100,0.200
158.32, 2,-44.7231,74.6532,14.1369,0.0679,-1.0068,4.9422,3.64,0.150,0.100,0.200
158.52, 2,-44.7246,74.7632,14.1331,0.0679,-1.0068,4.9422,3.64,0.150,0.100,0.200
158.72, 2,-44.7263,74.8575,14.1276,0.0679,-1.0068,4.9422,3.64,0.150,0.100,0.200
158.92, 2,-44.7280,74.9665,14.1206,0.0679,-1.0068,4.9422,3.64,0.150,0.100,0.200
159.12, 2,-44.7317,75.0757,14.1194,0.0679,-1.0068,4.9422,3.64,0.150,0.100,0.200
159.32, 2,-44.7340,75.1841,14.1182,0.0679,-1.0068,4.9422,3.64,0.150,0.100,0.200
159.52, 2,-44.7359,75.2744,14.1131,0.0679,-1.0068,4.9422,3.64,0.150,0.100,0.200
159.72, 2,-44.7377,75.3833,14.1076,0.0679,-1.0068,4.9422,3.64,0.150,0.100,0.200
159.92, 2,-44.7395,75.4927,14.0961,0.0679,-1.0068,4.9422,3.64,0.150,0.100,0.200
160.12, 2,-44.7404,75.6012,14.0897,0.0679,-1.0068,4.9422,3.64,0.150,0.100,0.200
160.32, 2,-44.7412,75.6891,14.0890,0.0679,-1.0068,4.9422,3.64,0.150,0.100,0.200
160.52, 2,-44.7403,75.7954,14.0858,0.0679,-1.0068,4.9422,3.64,0.150,0.100,0.200
160.72, 2,-44.7394,75.8814,14.0839,0.0679,-1.0068,4.9422,3.64,0.150,0.100,0.200
160.92, 2,-44.7382,75.9877,14.0815,0.0679,-1.0068,4.9422,3.64,0.150,0.100,0.200
161.12, 2,-44.7370,76.0706,14.0749,0.0679,-1.0068,4.9422,3.64,0.150,0.100,0.200
161.32, 2,-44.7364,76.1695,14.0604,0.0679,-1.0068,4.9422,3.64,0.150,0.100,0.200
161.52, 2,-44.7345,76.2701,14.0609,0.0679,-1.0068,4.9422,3.64,0.150,0.100,0.200
161.72, 2,-44.7318,76.3701,14.0700,0.0679,-1.0068,4.9422,3.64,0.150,0.100,0.200
161.93, 2,-44.7287,76.4533,14.0776,0.0679,-1.0068,4.9422,3.64,0.150,0.100,0.200
162.13, 2,-44.7235,76.5574,14.0855,0.0679,-1.0068,4.9422,3.64,0.150,0.100,0.200
162.33, 2,-44.7185,76.6413,14.0923,0.0679,-1.0068,4.9422,3.64,0.150,0.100,0.200
162.53, 2,-44.7122,76.7412,14.0717,0.0679,-1.0068,4.9422,3.64,0.150,0.100,0.200
162.73, 2,-44.7053,76.8407,14.0593,0.0679,-1.0068,4.9422,3.64,0.150,0.100,0.200
162.93, 2,-44.6984,76.9275,14.0531,0.0679,-1.0068,4.9422,3.64,0.150,0.100,0.200
163.13, 2,-44.6909,77.0307,14.0488,0.0679,-1.0068,4.9422,3.64,0.150,0.100,0.200
163.33, 2,-44.6847,77.1312,14.0486,0.0679,-1.0068,4.9422,3.64,0.150,0.100,0.200
163.53, 2,-44.6791,77.2184,14.0545,0.0679,-1.0068,4.9422,3.64,0.150,0.100,0.200
163.73, 2,-44.6725,77.3207,14.0627,0.0679,-1.0068,4.9422,3.64,0.150,0.100,0.200
163.93, 2,-44.6665,77.4223,14.0740,0.0679,-1.0068,4.9422,3.64,0.150,0.100,0.200
164.13, 2,-44.6627,77.5057,14.0837,0.0679,-1.0068,4.9422,3.64,0.150,0.100,0.200
164.33, 2,-44.6589,77.6043,14.0924,0.0679,-1.0068,4.9422,3.64,0.150,0.100,0.200
164.53, 2,-44.6548,77.7016,14.0972,0.0679,-1.0068,4.9422,3.64,0.150,0.100,0.200
164.73, 2,-44.6532,77.7852,14.0988,0.0679,-1.0068,4.9422,3.64,0.150,0.100,0.200
164.93, 2,-44.6510,77.8870,14.1044,0.0679,-1.0068,4.9422,3.64,0.150,0.100,0.200
165.13, 2,-44.6480,77.9877,14.1095,0.0679,-1.0068,4.9422,3.64,0.150,0.100,0.200
165.33, 2,-44.6457,78.0742,14.1015,0.0679,-1.0068,4.9422,3.64,0.150,0.100,0.200
165.53, 2,-44.6435,78.1793,14.1009,0.0679,-1.0068,4.9422,3.64,0.150,0.100,0.200
165.73, 2,-44.6419,78.2663,14.1074,0.0679,-1.0068,4.9422,3.64,0.150,0.100,0.200
165.93, 2,-44.6411,78.3708,14.1189,0.0679,-1.0068,4.9422,3.64,0.150,0.100,0.200
166.13, 2,-44.6403,78.4572,14.1304,0.0679,-1.0068,4.9422,3.64,0.150,0.100,0.200
166.33, 2,-44.6391,78.5613,14.1389,0.0679,-1.0068,4.9422,3.64,0.150,0.100,0.200
166.54, 2,-44.6377,78.6657,14.1487,0.0679,-1.0068,4.9422,3.64,0.150,0.100,0.200
166.74, 2,-44.6360,78.7535,14.1567,0.0679,-1.0068,4.9422,3.64,0.150,0.100,0.200
166.94, 2,-44.6328,78.8575,14.1646,0.0679,-1.0068,4.9422,3.64,0.150,0.100,0.200
167.14, 2,-44.6304,78.9432,14.1684,0.0679,-1.0068,4.9422,3.64,0.150,0.100,0.200
167.35, 2,-44.6285,79.0488,14.1618,0.0679,-1.0068,4.9422,3.64,0.150,0.100,0.200
167.55, 2,-44.6266,79.1520,14.1552,0.0679,-1.0068,4.9422,3.64,0.150,0.100,0.200
167.75, 2,-44.6256,79.2427,14.1490,0.0679,-1.0068,4.9422,3.64,0.150,0.100,0.200
167.95, 2,-44.6253,79.3510,14.1386,0.0679,-1.0068,4.9422,3.64,0.150,0.100,0.200
168.15, 2,-44.6240,79.4414,14.1113,0.0679,-1.0068,4.9422,3.64,0.150,0.100,0.200
168.35, 2,-44.6239,79.5514,14.1005,0.0679,-1.0068,4.9422,3.64,0.150,0.100,0.200
168.55, 2,-44.6249,79.6612,14.1084,0.0679,-1.0068,4.9422,3.64,0.150,0.100,0.200
168.75, 2,-44.6276,79.7715,14.1175,0.0679,-1.0068,4.9422,3.64,0.150,0.100,0.200
168.95, 2,-44.6310,79.8609,14.1334,0.0679,-1.0068,4.9422,3.64,0.150,0.100,0.200
169.15, 2,-44.6353,79.9663,14.1517,0.0679,-1.0068,4.9422,3.64,0.150,0.100,0.200
169.35, 2,-44.6389,80.0704,14.1717,0.0679,-1.0068,4.9422,3.64,0.150,0.100,0.200
169.55, 2,-44.6432,80.1744,14.1829,0.0679,-1.0068,4.9422,3.64,0.150,0.100,0.200
169.75, 2,-44.6471,80.2590,14.1816,0.0679,-1.0068,4.9422,3.64,0.150,0.100,0.200
169.96, 2,-44.6527,80.3645,14.1829,0.0679,-1.0068,4.9422,3.64,0.150,0.100,0.200
170.16, 2,-44.6589,80.4685,14.1876,0.0679,-1.0068,4.9422,3.64,0.150,0.100,0.200
170.36, 2,-44.6632,80.5576,14.1880,0.0679,-1.0068,4.9422,3.64,0.150,0.100,0.200
170.56, 2,-44.6674,80.6621,14.1873,0.0679,-1.0068,4.9422,3.64,0.150,0.100,0.200
170.76, 2,-44.6731,80.7681,14.1870,0.0679,-1.0068,4.9422,3.64,0.150,0.100,0.200
170.96, 2,-44.6775,80.8560,14.1894,0.0679,-1.0068,4.9422,3.64,0.150,0.100,0.200
171.16, 2,-44.6809,80.9635,14.1875,0.0679,-1.0068,4.9422,3.64,0.150,0.100,0.200
171.37, 2,-44.6828,81.0684,14.1822,0.0679,-1.0068,4.9422,3.64,0.150,0.100,0.200
171.57, 2,-44.6845,81.1740,14.1748,0.0679,-1.0068,4.9422,3.64,0.150,0.100,0.200
171.77, 2,-44.6865,81.2610,14.1710,0.0679,-1.0068,4.9422,3.64,0.150,0.100,0.200
171.97, 2,-44.6911,81.3655,14.1594,0.0679,-1.0068,4.9422,3.64,0.150,0.100,0.200
172.17, 2,-44.6942,81.4543,14.1496,0.0679,-1.0068,4.9422,3.64,0.150,0.100,0.200
172.37, 2,-44.6971,81.5639,14.1344,0.0679,-1.0068,4.9422,3.64,0.150,0.100,0.200
172.57, 2,-44.6991,81.6589,14.1193,0.0679,-1.0068,4.9422,3.64,0.150,0.100,0.200
172.77, 2,-44.7017,81.7707,14.1187,0.0679,-1.0068,4.9422,3.64,0.150,0.100,0.200
172.97, 2,-44.7038,81.8835,14.1212,0.0679,-1.0068,4.9422,3.64,0.150,0.100,0.200
173.18, 2,-44.7034,81.9790,14.1219,0.0679,-1.0068,4.9422,3.64,0.150,0.100,0.200
173.38, 2,-44.7017,82.0888,14.1269,0.0679,-1.0068,4.9422,3.64,0.150,0.100,0.200
173.58, 2,-44.7001,82.2038,14.1309,0.0679,-1.0068,4.9422,3.64,0.150,0.100,0.200
173.78, 2,-44.6988,82.2945,14.1294,0.0679,-1.0068,4.9422,3.64,0.150,0.100,0.200
173.98, 2,-44.6979,82.4080,14.1296,0.0679,-1.0068,4.9422,3.64,0.150,0.100,0.200
174.18, 2,-44.6971,82.5204,14.1260,0.0679,-1.0068,4.9422,3.64,0.150,0.100,0.200
174.38, 2,-44.6971,82.6287,14.1170,0.0679,-1.0068,4.9422,3.64,0.150,0.100,0.200
174.58, 2,-44.6980,82.7207,14.1174,0.0679,-1.0068,4.9422,3.64,0.150,0.100,0.200
174.78, 2,-44.6997,82.8298,14.1269,0.0679,-1.0068,4.9422,3.64,0.150,0.100,0.200
174.98, 2,-44.7007,82.9368,14.1315,0.0679,-1.0068,4.9422,3.64,0.150,0.100,0.200
175.18, 2,-44.7018,83.0276,14.1281,0.0679,-1.0068,4.9422,3.64,0.150,0.100,0.200
